RefMonsterID;RefItemID;DropGroupType;OptLevel;DropAmountMin;DropAmountMax;DropRatio;RefMagicOptionID1;CustomValue1;RefMagicOptionID2;CustomValue2;RefMagicOptionID3;CustomValue3;RefMagicOptionID4;CustomValue4;RefMagicOptionID5;CustomValue5;RefMagicOptionID6;CustomValue6;RefMagicOptionID7;CustomValue7;RefMagicOptionID8;CustomValue8;RefMagicOptionID9;CustomValue9;RentCodeName
1933;7101;0;0;1;1;0,04;NULL;0;NULL;0;NULL;0;NULL;0;NULL;0;NULL;0;NULL;0;NULL;0;NULL;0;xxx
1933;7102;0;0;1;1;0,03;NULL;0;NULL;0;NULL;0;NULL;0;NULL;0;NULL;0;NULL;0;NULL;0;NULL;0;xxx
1933;7103;0;0;1;1;0,03;NULL;0;NULL;0;NULL;0;NULL;0;NULL;0;NULL;0;NULL;0;NULL;0;NULL;0;xxx
1934;7104;0;0;1;1;0,0375;NULL;0;NULL;0;NULL;0;NULL;0;NULL;0;NULL;0;NULL;0;NULL;0;NULL;0;xxx
1934;7105;0;0;1;1;0,0375;NULL;0;NULL;0;NULL;0;NULL;0;NULL;0;NULL;0;NULL;0;NULL;0;NULL;0;xxx
1934;7106;0;0;1;1;0,025;NULL;0;NULL;0;NULL;0;NULL;0;NULL;0;NULL;0;NULL;0;NULL;0;NULL;0;xxx
1935;7107;0;0;1;1;0,04;NULL;0;NULL;0;NULL;0;NULL;0;NULL;0;NULL;0;NULL;0;NULL;0;NULL;0;xxx
1935;7108;0;0;1;1;0,04;NULL;0;NULL;0;NULL;0;NULL;0;NULL;0;NULL;0;NULL;0;NULL;0;NULL;0;xxx
1935;7109;0;0;1;1;0,02;NULL;0;NULL;0;NULL;0;NULL;0;NULL;0;NULL;0;NULL;0;NULL;0;NULL;0;xxx
1936;7110;0;0;1;1;0,02;NULL;0;NULL;0;NULL;0;NULL;0;NULL;0;NULL;0;NULL;0;NULL;0;NULL;0;xxx
1936;7111;0;0;1;1;0,04;NULL;0;NULL;0;NULL;0;NULL;0;NULL;0;NULL;0;NULL;0;NULL;0;NULL;0;xxx
1936;7112;0;0;1;1;0,04;NULL;0;NULL;0;NULL;0;NULL;0;NULL;0;NULL;0;NULL;0;NULL;0;NULL;0;xxx
1937;7113;0;0;1;1;0,02;NULL;0;NULL;0;NULL;0;NULL;0;NULL;0;NULL;0;NULL;0;NULL;0;NULL;0;xxx
1937;7114;0;0;1;1;0,04;NULL;0;NULL;0;NULL;0;NULL;0;NULL;0;NULL;0;NULL;0;NULL;0;NULL;0;xxx
1937;7115;0;0;1;1;0,04;NULL;0;NULL;0;NULL;0;NULL;0;NULL;0;NULL;0;NULL;0;NULL;0;NULL;0;xxx
1938;7116;0;0;1;1;0,025;NULL;0;NULL;0;NULL;0;NULL;0;NULL;0;NULL;0;NULL;0;NULL;0;NULL;0;xxx
1938;7117;0;0;1;1;0,0335;NULL;0;NULL;0;NULL;0;NULL;0;NULL;0;NULL;0;NULL;0;NULL;0;NULL;0;xxx
1938;7118;0;0;1;1;0,0415;NULL;0;NULL;0;NULL;0;NULL;0;NULL;0;NULL;0;NULL;0;NULL;0;NULL;0;xxx
1939;7119;0;0;1;1;0,0285;NULL;0;NULL;0;NULL;0;NULL;0;NULL;0;NULL;0;NULL;0;NULL;0;NULL;0;xxx
1939;7120;0;0;1;1;0,0355;NULL;0;NULL;0;NULL;0;NULL;0;NULL;0;NULL;0;NULL;0;NULL;0;NULL;0;xxx
1939;7121;0;0;1;1;0,0355;NULL;0;NULL;0;NULL;0;NULL;0;NULL;0;NULL;0;NULL;0;NULL;0;NULL;0;xxx
1940;7122;0;0;1;1;0,0285;NULL;0;NULL;0;NULL;0;NULL;0;NULL;0;NULL;0;NULL;0;NULL;0;NULL;0;xxx
1940;7123;0;0;1;1;0,043;NULL;0;NULL;0;NULL;0;NULL;0;NULL;0;NULL;0;NULL;0;NULL;0;NULL;0;xxx
1940;7124;0;0;1;1;0,0285;NULL;0;NULL;0;NULL;0;NULL;0;NULL;0;NULL;0;NULL;0;NULL;0;NULL;0;xxx
1950;7462;0;0;1;1;0,035;NULL;0;NULL;0;NULL;0;NULL;0;NULL;0;NULL;0;NULL;0;NULL;0;NULL;0;xxx
1950;7463;0;0;1;1;0,025;NULL;0;NULL;0;NULL;0;NULL;0;NULL;0;NULL;0;NULL;0;NULL;0;NULL;0;xxx
1950;7464;0;0;1;1;0,04;NULL;0;NULL;0;NULL;0;NULL;0;NULL;0;NULL;0;NULL;0;NULL;0;NULL;0;xxx
1941;7128;0;0;1;1;0,0375;NULL;0;NULL;0;NULL;0;NULL;0;NULL;0;NULL;0;NULL;0;NULL;0;NULL;0;xxx
1941;7129;0;0;1;1;0,0435;NULL;0;NULL;0;NULL;0;NULL;0;NULL;0;NULL;0;NULL;0;NULL;0;NULL;0;xxx
1941;7130;0;0;1;1;0,0185;NULL;0;NULL;0;NULL;0;NULL;0;NULL;0;NULL;0;NULL;0;NULL;0;NULL;0;xxx
1951;7131;0;0;1;1;0,04;NULL;0;NULL;0;NULL;0;NULL;0;NULL;0;NULL;0;NULL;0;NULL;0;NULL;0;xxx
1951;7132;0;0;1;1;0,03;NULL;0;NULL;0;NULL;0;NULL;0;NULL;0;NULL;0;NULL;0;NULL;0;NULL;0;xxx
1951;7133;0;0;1;1;0,03;NULL;0;NULL;0;NULL;0;NULL;0;NULL;0;NULL;0;NULL;0;NULL;0;NULL;0;xxx
1942;7134;0;0;1;1;0,043;NULL;0;NULL;0;NULL;0;NULL;0;NULL;0;NULL;0;NULL;0;NULL;0;NULL;0;xxx
1942;7135;0;0;1;1;0,0355;NULL;0;NULL;0;NULL;0;NULL;0;NULL;0;NULL;0;NULL;0;NULL;0;NULL;0;xxx
1942;7136;0;0;1;1;0,0215;NULL;0;NULL;0;NULL;0;NULL;0;NULL;0;NULL;0;NULL;0;NULL;0;NULL;0;xxx
1943;7137;0;0;1;1;0,025;NULL;0;NULL;0;NULL;0;NULL;0;NULL;0;NULL;0;NULL;0;NULL;0;NULL;0;xxx
1943;7138;0;0;1;1;0,0375;NULL;0;NULL;0;NULL;0;NULL;0;NULL;0;NULL;0;NULL;0;NULL;0;NULL;0;xxx
1943;7139;0;0;1;1;0,0375;NULL;0;NULL;0;NULL;0;NULL;0;NULL;0;NULL;0;NULL;0;NULL;0;NULL;0;xxx
1948;7140;0;0;1;1;0,039;NULL;0;NULL;0;NULL;0;NULL;0;NULL;0;NULL;0;NULL;0;NULL;0;NULL;0;xxx
1948;7141;0;0;1;1;0,0335;NULL;0;NULL;0;NULL;0;NULL;0;NULL;0;NULL;0;NULL;0;NULL;0;NULL;0;xxx
1948;7142;0;0;1;1;0,028;NULL;0;NULL;0;NULL;0;NULL;0;NULL;0;NULL;0;NULL;0;NULL;0;NULL;0;xxx
1945;7143;0;0;1;1;0,041;NULL;0;NULL;0;NULL;0;NULL;0;NULL;0;NULL;0;NULL;0;NULL;0;NULL;0;xxx
1945;7144;0;0;1;1;0,032;NULL;0;NULL;0;NULL;0;NULL;0;NULL;0;NULL;0;NULL;0;NULL;0;NULL;0;xxx
1945;7145;0;0;1;1;0,0275;NULL;0;NULL;0;NULL;0;NULL;0;NULL;0;NULL;0;NULL;0;NULL;0;NULL;0;xxx
1946;7146;0;0;1;1;0,0355;NULL;0;NULL;0;NULL;0;NULL;0;NULL;0;NULL;0;NULL;0;NULL;0;NULL;0;xxx
1946;7147;0;0;1;1;0,0285;NULL;0;NULL;0;NULL;0;NULL;0;NULL;0;NULL;0;NULL;0;NULL;0;NULL;0;xxx
1946;7148;0;0;1;1;0,0355;NULL;0;NULL;0;NULL;0;NULL;0;NULL;0;NULL;0;NULL;0;NULL;0;NULL;0;xxx
1947;7149;0;0;1;1;0,0335;NULL;0;NULL;0;NULL;0;NULL;0;NULL;0;NULL;0;NULL;0;NULL;0;NULL;0;xxx
1947;7150;0;0;1;1;0,0415;NULL;0;NULL;0;NULL;0;NULL;0;NULL;0;NULL;0;NULL;0;NULL;0;NULL;0;xxx
1947;7151;0;0;1;1;0,025;NULL;0;NULL;0;NULL;0;NULL;0;NULL;0;NULL;0;NULL;0;NULL;0;NULL;0;xxx
1944;7152;0;0;1;1;0,039;NULL;0;NULL;0;NULL;0;NULL;0;NULL;0;NULL;0;NULL;0;NULL;0;NULL;0;xxx
1944;7153;0;0;1;1;0,0335;NULL;0;NULL;0;NULL;0;NULL;0;NULL;0;NULL;0;NULL;0;NULL;0;NULL;0;xxx
1944;7154;0;0;1;1;0,028;NULL;0;NULL;0;NULL;0;NULL;0;NULL;0;NULL;0;NULL;0;NULL;0;NULL;0;xxx
1949;7155;0;0;1;1;0,0375;NULL;0;NULL;0;NULL;0;NULL;0;NULL;0;NULL;0;NULL;0;NULL;0;NULL;0;xxx
1949;7156;0;0;1;1;0,029;NULL;0;NULL;0;NULL;0;NULL;0;NULL;0;NULL;0;NULL;0;NULL;0;NULL;0;xxx
1949;7157;0;0;1;1;0,0335;NULL;0;NULL;0;NULL;0;NULL;0;NULL;0;NULL;0;NULL;0;NULL;0;NULL;0;xxx
1952;7158;0;0;1;1;0,0335;NULL;0;NULL;0;NULL;0;NULL;0;NULL;0;NULL;0;NULL;0;NULL;0;NULL;0;xxx
1952;7159;0;0;1;1;0,028;NULL;0;NULL;0;NULL;0;NULL;0;NULL;0;NULL;0;NULL;0;NULL;0;NULL;0;xxx
1952;7160;0;0;1;1;0,039;NULL;0;NULL;0;NULL;0;NULL;0;NULL;0;NULL;0;NULL;0;NULL;0;NULL;0;xxx
1953;7161;0;0;1;1;0,0365;NULL;0;NULL;0;NULL;0;NULL;0;NULL;0;NULL;0;NULL;0;NULL;0;NULL;0;xxx
1953;7162;0;0;1;1;0,0365;NULL;0;NULL;0;NULL;0;NULL;0;NULL;0;NULL;0;NULL;0;NULL;0;NULL;0;xxx
1953;7163;0;0;1;1;0,0275;NULL;0;NULL;0;NULL;0;NULL;0;NULL;0;NULL;0;NULL;0;NULL;0;NULL;0;xxx
1955;7164;0;0;1;1;0,0285;NULL;0;NULL;0;NULL;0;NULL;0;NULL;0;NULL;0;NULL;0;NULL;0;NULL;0;xxx
1955;7165;0;0;1;1;0,0355;NULL;0;NULL;0;NULL;0;NULL;0;NULL;0;NULL;0;NULL;0;NULL;0;NULL;0;xxx
1955;7166;0;0;1;1;0,0355;NULL;0;NULL;0;NULL;0;NULL;0;NULL;0;NULL;0;NULL;0;NULL;0;NULL;0;xxx
1956;7167;0;0;1;1;0,0335;NULL;0;NULL;0;NULL;0;NULL;0;NULL;0;NULL;0;NULL;0;NULL;0;NULL;0;xxx
1956;7168;0;0;1;1;0,028;NULL;0;NULL;0;NULL;0;NULL;0;NULL;0;NULL;0;NULL;0;NULL;0;NULL;0;xxx
1956;7169;0;0;1;1;0,039;NULL;0;NULL;0;NULL;0;NULL;0;NULL;0;NULL;0;NULL;0;NULL;0;NULL;0;xxx
1954;7170;0;0;1;1;0,354167;NULL;0;NULL;0;NULL;0;NULL;0;NULL;0;NULL;0;NULL;0;NULL;0;NULL;0;xxx
1954;7171;0;0;1;1;0,375;NULL;0;NULL;0;NULL;0;NULL;0;NULL;0;NULL;0;NULL;0;NULL;0;NULL;0;xxx
1954;7172;0;0;1;1;0,354167;NULL;0;NULL;0;NULL;0;NULL;0;NULL;0;NULL;0;NULL;0;NULL;0;NULL;0;xxx
1954;7173;0;0;1;1;0,3125;NULL;0;NULL;0;NULL;0;NULL;0;NULL;0;NULL;0;NULL;0;NULL;0;NULL;0;xxx
1954;7174;0;0;1;1;0,270833;NULL;0;NULL;0;NULL;0;NULL;0;NULL;0;NULL;0;NULL;0;NULL;0;NULL;0;xxx
7550;7170;0;0;1;1;0,354167;NULL;0;NULL;0;NULL;0;NULL;0;NULL;0;NULL;0;NULL;0;NULL;0;NULL;0;xxx
7550;7171;0;0;1;1;0,375;NULL;0;NULL;0;NULL;0;NULL;0;NULL;0;NULL;0;NULL;0;NULL;0;NULL;0;xxx
7550;7172;0;0;1;1;0,354167;NULL;0;NULL;0;NULL;0;NULL;0;NULL;0;NULL;0;NULL;0;NULL;0;NULL;0;xxx
7550;7173;0;0;1;1;0,3125;NULL;0;NULL;0;NULL;0;NULL;0;NULL;0;NULL;0;NULL;0;NULL;0;NULL;0;xxx
7550;7174;0;0;1;1;0,270833;NULL;0;NULL;0;NULL;0;NULL;0;NULL;0;NULL;0;NULL;0;NULL;0;NULL;0;xxx
7551;7170;0;0;1;1;0,354167;NULL;0;NULL;0;NULL;0;NULL;0;NULL;0;NULL;0;NULL;0;NULL;0;NULL;0;xxx
7551;7171;0;0;1;1;0,375;NULL;0;NULL;0;NULL;0;NULL;0;NULL;0;NULL;0;NULL;0;NULL;0;NULL;0;xxx
7551;7172;0;0;1;1;0,354167;NULL;0;NULL;0;NULL;0;NULL;0;NULL;0;NULL;0;NULL;0;NULL;0;NULL;0;xxx
7551;7173;0;0;1;1;0,3125;NULL;0;NULL;0;NULL;0;NULL;0;NULL;0;NULL;0;NULL;0;NULL;0;NULL;0;xxx
7551;7174;0;0;1;1;0,270833;NULL;0;NULL;0;NULL;0;NULL;0;NULL;0;NULL;0;NULL;0;NULL;0;NULL;0;xxx
1958;7175;0;0;1;1;0,0285;NULL;0;NULL;0;NULL;0;NULL;0;NULL;0;NULL;0;NULL;0;NULL;0;NULL;0;xxx
1958;7176;0;0;1;1;0,0355;NULL;0;NULL;0;NULL;0;NULL;0;NULL;0;NULL;0;NULL;0;NULL;0;NULL;0;xxx
1958;7177;0;0;1;1;0,0355;NULL;0;NULL;0;NULL;0;NULL;0;NULL;0;NULL;0;NULL;0;NULL;0;NULL;0;xxx
1960;7178;0;0;1;1;0,0335;NULL;0;NULL;0;NULL;0;NULL;0;NULL;0;NULL;0;NULL;0;NULL;0;NULL;0;xxx
1960;7179;0;0;1;1;0,039;NULL;0;NULL;0;NULL;0;NULL;0;NULL;0;NULL;0;NULL;0;NULL;0;NULL;0;xxx
1960;7180;0;0;1;1;0,028;NULL;0;NULL;0;NULL;0;NULL;0;NULL;0;NULL;0;NULL;0;NULL;0;NULL;0;xxx
2097;7181;0;0;1;1;0,0365;NULL;0;NULL;0;NULL;0;NULL;0;NULL;0;NULL;0;NULL;0;NULL;0;NULL;0;xxx
2097;7182;0;0;1;1;0,041;NULL;0;NULL;0;NULL;0;NULL;0;NULL;0;NULL;0;NULL;0;NULL;0;NULL;0;xxx
2097;7183;0;0;1;1;0,0225;NULL;0;NULL;0;NULL;0;NULL;0;NULL;0;NULL;0;NULL;0;NULL;0;NULL;0;xxx
2098;7184;0;0;1;1;0,025;NULL;0;NULL;0;NULL;0;NULL;0;NULL;0;NULL;0;NULL;0;NULL;0;NULL;0;xxx
2098;7185;0;0;1;1;0,04;NULL;0;NULL;0;NULL;0;NULL;0;NULL;0;NULL;0;NULL;0;NULL;0;NULL;0;xxx
2098;7186;0;0;1;1;0,035;NULL;0;NULL;0;NULL;0;NULL;0;NULL;0;NULL;0;NULL;0;NULL;0;NULL;0;xxx
1968;7187;0;0;1;1;0,029;NULL;0;NULL;0;NULL;0;NULL;0;NULL;0;NULL;0;NULL;0;NULL;0;NULL;0;xxx
1968;7188;0;0;1;1;0,0415;NULL;0;NULL;0;NULL;0;NULL;0;NULL;0;NULL;0;NULL;0;NULL;0;NULL;0;xxx
1968;7189;0;0;1;1;0,029;NULL;0;NULL;0;NULL;0;NULL;0;NULL;0;NULL;0;NULL;0;NULL;0;NULL;0;xxx
1967;7190;0;0;1;1;0,032;NULL;0;NULL;0;NULL;0;NULL;0;NULL;0;NULL;0;NULL;0;NULL;0;NULL;0;xxx
1967;7191;0;0;1;1;0,041;NULL;0;NULL;0;NULL;0;NULL;0;NULL;0;NULL;0;NULL;0;NULL;0;NULL;0;xxx
1967;7192;0;0;1;1;0,0275;NULL;0;NULL;0;NULL;0;NULL;0;NULL;0;NULL;0;NULL;0;NULL;0;NULL;0;xxx
1964;7193;0;0;1;1;0,035;NULL;0;NULL;0;NULL;0;NULL;0;NULL;0;NULL;0;NULL;0;NULL;0;NULL;0;xxx
1964;7194;0;0;1;1;0,025;NULL;0;NULL;0;NULL;0;NULL;0;NULL;0;NULL;0;NULL;0;NULL;0;NULL;0;xxx
1964;7195;0;0;1;1;0,04;NULL;0;NULL;0;NULL;0;NULL;0;NULL;0;NULL;0;NULL;0;NULL;0;NULL;0;xxx
1963;7196;0;0;1;1;0,022;NULL;0;NULL;0;NULL;0;NULL;0;NULL;0;NULL;0;NULL;0;NULL;0;NULL;0;xxx
1963;7197;0;0;1;1;0,039;NULL;0;NULL;0;NULL;0;NULL;0;NULL;0;NULL;0;NULL;0;NULL;0;NULL;0;xxx
1963;7198;0;0;1;1;0,039;NULL;0;NULL;0;NULL;0;NULL;0;NULL;0;NULL;0;NULL;0;NULL;0;NULL;0;xxx
1962;7199;0;0;1;1;0,025;NULL;0;NULL;0;NULL;0;NULL;0;NULL;0;NULL;0;NULL;0;NULL;0;NULL;0;xxx
1962;7200;0;0;1;1;0,0415;NULL;0;NULL;0;NULL;0;NULL;0;NULL;0;NULL;0;NULL;0;NULL;0;NULL;0;xxx
1962;7201;0;0;1;1;0,0335;NULL;0;NULL;0;NULL;0;NULL;0;NULL;0;NULL;0;NULL;0;NULL;0;NULL;0;xxx
1965;7202;0;0;1;1;0,028;NULL;0;NULL;0;NULL;0;NULL;0;NULL;0;NULL;0;NULL;0;NULL;0;NULL;0;xxx
1965;7203;0;0;1;1;0,039;NULL;0;NULL;0;NULL;0;NULL;0;NULL;0;NULL;0;NULL;0;NULL;0;NULL;0;xxx
1965;7204;0;0;1;1;0,0335;NULL;0;NULL;0;NULL;0;NULL;0;NULL;0;NULL;0;NULL;0;NULL;0;NULL;0;xxx
1969;7205;0;0;1;1;0,0385;NULL;0;NULL;0;NULL;0;NULL;0;NULL;0;NULL;0;NULL;0;NULL;0;NULL;0;xxx
1969;7206;0;0;1;1;0,0345;NULL;0;NULL;0;NULL;0;NULL;0;NULL;0;NULL;0;NULL;0;NULL;0;NULL;0;xxx
1969;7207;0;0;1;1;0,027;NULL;0;NULL;0;NULL;0;NULL;0;NULL;0;NULL;0;NULL;0;NULL;0;NULL;0;xxx
1966;7208;0;0;1;1;0,04;NULL;0;NULL;0;NULL;0;NULL;0;NULL;0;NULL;0;NULL;0;NULL;0;NULL;0;xxx
1966;7209;0;0;1;1;0,03;NULL;0;NULL;0;NULL;0;NULL;0;NULL;0;NULL;0;NULL;0;NULL;0;NULL;0;xxx
1966;7210;0;0;1;1;0,03;NULL;0;NULL;0;NULL;0;NULL;0;NULL;0;NULL;0;NULL;0;NULL;0;NULL;0;xxx
2099;7211;0;0;1;1;0,0415;NULL;0;NULL;0;NULL;0;NULL;0;NULL;0;NULL;0;NULL;0;NULL;0;NULL;0;xxx
2099;7212;0;0;1;1;0,0335;NULL;0;NULL;0;NULL;0;NULL;0;NULL;0;NULL;0;NULL;0;NULL;0;NULL;0;xxx
2099;7213;0;0;1;1;0,025;NULL;0;NULL;0;NULL;0;NULL;0;NULL;0;NULL;0;NULL;0;NULL;0;NULL;0;xxx
1970;7214;0;0;1;1;0,031;NULL;0;NULL;0;NULL;0;NULL;0;NULL;0;NULL;0;NULL;0;NULL;0;NULL;0;xxx
1970;7215;0;0;1;1;0,031;NULL;0;NULL;0;NULL;0;NULL;0;NULL;0;NULL;0;NULL;0;NULL;0;NULL;0;xxx
1970;7216;0;0;1;1;0,0385;NULL;0;NULL;0;NULL;0;NULL;0;NULL;0;NULL;0;NULL;0;NULL;0;NULL;0;xxx
3667;7335;0;0;1;1;0,0355;NULL;0;NULL;0;NULL;0;NULL;0;NULL;0;NULL;0;NULL;0;NULL;0;NULL;0;xxx
3667;7336;0;0;1;1;0,0355;NULL;0;NULL;0;NULL;0;NULL;0;NULL;0;NULL;0;NULL;0;NULL;0;NULL;0;xxx
3667;7337;0;0;1;1;0,0285;NULL;0;NULL;0;NULL;0;NULL;0;NULL;0;NULL;0;NULL;0;NULL;0;NULL;0;xxx
3668;7341;0;0;1;1;0,0355;NULL;0;NULL;0;NULL;0;NULL;0;NULL;0;NULL;0;NULL;0;NULL;0;NULL;0;xxx
3668;7342;0;0;1;1;0,0285;NULL;0;NULL;0;NULL;0;NULL;0;NULL;0;NULL;0;NULL;0;NULL;0;NULL;0;xxx
3668;7343;0;0;1;1;0,0355;NULL;0;NULL;0;NULL;0;NULL;0;NULL;0;NULL;0;NULL;0;NULL;0;NULL;0;xxx
1971;7338;0;0;1;1;0,0335;NULL;0;NULL;0;NULL;0;NULL;0;NULL;0;NULL;0;NULL;0;NULL;0;NULL;0;xxx
1971;7339;0;0;1;1;0,039;NULL;0;NULL;0;NULL;0;NULL;0;NULL;0;NULL;0;NULL;0;NULL;0;NULL;0;xxx
1971;7340;0;0;1;1;0,028;NULL;0;NULL;0;NULL;0;NULL;0;NULL;0;NULL;0;NULL;0;NULL;0;NULL;0;xxx
1972;7344;0;0;1;1;0,028;NULL;0;NULL;0;NULL;0;NULL;0;NULL;0;NULL;0;NULL;0;NULL;0;NULL;0;xxx
1972;7345;0;0;1;1;0,0335;NULL;0;NULL;0;NULL;0;NULL;0;NULL;0;NULL;0;NULL;0;NULL;0;NULL;0;xxx
1972;7346;0;0;1;1;0,039;NULL;0;NULL;0;NULL;0;NULL;0;NULL;0;NULL;0;NULL;0;NULL;0;NULL;0;xxx
3669;7347;0;0;1;1;0,025;NULL;0;NULL;0;NULL;0;NULL;0;NULL;0;NULL;0;NULL;0;NULL;0;NULL;0;xxx
3669;7348;0;0;1;1;0,04;NULL;0;NULL;0;NULL;0;NULL;0;NULL;0;NULL;0;NULL;0;NULL;0;NULL;0;xxx
3669;7349;0;0;1;1;0,035;NULL;0;NULL;0;NULL;0;NULL;0;NULL;0;NULL;0;NULL;0;NULL;0;NULL;0;xxx
1973;7350;0;0;1;1;0,0355;NULL;0;NULL;0;NULL;0;NULL;0;NULL;0;NULL;0;NULL;0;NULL;0;NULL;0;xxx
1973;7351;0;0;1;1;0,0285;NULL;0;NULL;0;NULL;0;NULL;0;NULL;0;NULL;0;NULL;0;NULL;0;NULL;0;xxx
1973;7352;0;0;1;1;0,0355;NULL;0;NULL;0;NULL;0;NULL;0;NULL;0;NULL;0;NULL;0;NULL;0;NULL;0;xxx
3670;7353;0;0;1;1;0,028;NULL;0;NULL;0;NULL;0;NULL;0;NULL;0;NULL;0;NULL;0;NULL;0;NULL;0;xxx
3670;7354;0;0;1;1;0,039;NULL;0;NULL;0;NULL;0;NULL;0;NULL;0;NULL;0;NULL;0;NULL;0;NULL;0;xxx
3670;7355;0;0;1;1;0,0335;NULL;0;NULL;0;NULL;0;NULL;0;NULL;0;NULL;0;NULL;0;NULL;0;NULL;0;xxx
1974;7356;0;0;1;1;0,03;NULL;0;NULL;0;NULL;0;NULL;0;NULL;0;NULL;0;NULL;0;NULL;0;NULL;0;xxx
1974;7357;0;0;1;1;0,04;NULL;0;NULL;0;NULL;0;NULL;0;NULL;0;NULL;0;NULL;0;NULL;0;NULL;0;xxx
1974;7358;0;0;1;1;0,03;NULL;0;NULL;0;NULL;0;NULL;0;NULL;0;NULL;0;NULL;0;NULL;0;NULL;0;xxx
3671;7359;0;0;1;1;0,029;NULL;0;NULL;0;NULL;0;NULL;0;NULL;0;NULL;0;NULL;0;NULL;0;NULL;0;xxx
3671;7360;0;0;1;1;0,0335;NULL;0;NULL;0;NULL;0;NULL;0;NULL;0;NULL;0;NULL;0;NULL;0;NULL;0;xxx
3671;7361;0;0;1;1;0,0375;NULL;0;NULL;0;NULL;0;NULL;0;NULL;0;NULL;0;NULL;0;NULL;0;NULL;0;xxx
1975;7362;0;0;1;1;0,029;NULL;0;NULL;0;NULL;0;NULL;0;NULL;0;NULL;0;NULL;0;NULL;0;NULL;0;xxx
1975;7363;0;0;1;1;0,0375;NULL;0;NULL;0;NULL;0;NULL;0;NULL;0;NULL;0;NULL;0;NULL;0;NULL;0;xxx
1975;7364;0;0;1;1;0,0335;NULL;0;NULL;0;NULL;0;NULL;0;NULL;0;NULL;0;NULL;0;NULL;0;NULL;0;xxx
3672;7365;0;0;1;1;0,027;NULL;0;NULL;0;NULL;0;NULL;0;NULL;0;NULL;0;NULL;0;NULL;0;NULL;0;xxx
3672;7366;0;0;1;1;0,031;NULL;0;NULL;0;NULL;0;NULL;0;NULL;0;NULL;0;NULL;0;NULL;0;NULL;0;xxx
3672;7367;0;0;1;1;0,0425;NULL;0;NULL;0;NULL;0;NULL;0;NULL;0;NULL;0;NULL;0;NULL;0;NULL;0;xxx
1976;7368;0;0;1;1;0,031;NULL;0;NULL;0;NULL;0;NULL;0;NULL;0;NULL;0;NULL;0;NULL;0;NULL;0;xxx
1976;7369;0;0;1;1;0,0385;NULL;0;NULL;0;NULL;0;NULL;0;NULL;0;NULL;0;NULL;0;NULL;0;NULL;0;xxx
1976;7370;0;0;1;1;0,031;NULL;0;NULL;0;NULL;0;NULL;0;NULL;0;NULL;0;NULL;0;NULL;0;NULL;0;xxx
2100;7217;0;0;1;1;0,0335;NULL;0;NULL;0;NULL;0;NULL;0;NULL;0;NULL;0;NULL;0;NULL;0;NULL;0;xxx
2100;7218;0;0;1;1;0,039;NULL;0;NULL;0;NULL;0;NULL;0;NULL;0;NULL;0;NULL;0;NULL;0;NULL;0;xxx
2100;7219;0;0;1;1;0,028;NULL;0;NULL;0;NULL;0;NULL;0;NULL;0;NULL;0;NULL;0;NULL;0;NULL;0;xxx
1977;7220;0;0;1;1;0,0365;NULL;0;NULL;0;NULL;0;NULL;0;NULL;0;NULL;0;NULL;0;NULL;0;NULL;0;xxx
1977;7221;0;0;1;1;0,0365;NULL;0;NULL;0;NULL;0;NULL;0;NULL;0;NULL;0;NULL;0;NULL;0;NULL;0;xxx
1977;7222;0;0;1;1;0,0275;NULL;0;NULL;0;NULL;0;NULL;0;NULL;0;NULL;0;NULL;0;NULL;0;NULL;0;xxx
2101;7223;0;0;1;1;0,0375;NULL;0;NULL;0;NULL;0;NULL;0;NULL;0;NULL;0;NULL;0;NULL;0;NULL;0;xxx
2101;7224;0;0;1;1;0,0375;NULL;0;NULL;0;NULL;0;NULL;0;NULL;0;NULL;0;NULL;0;NULL;0;NULL;0;xxx
2101;7225;0;0;1;1;0,025;NULL;0;NULL;0;NULL;0;NULL;0;NULL;0;NULL;0;NULL;0;NULL;0;NULL;0;xxx
2102;7226;0;0;1;1;0,0335;NULL;0;NULL;0;NULL;0;NULL;0;NULL;0;NULL;0;NULL;0;NULL;0;NULL;0;xxx
2102;7227;0;0;1;1;0,039;NULL;0;NULL;0;NULL;0;NULL;0;NULL;0;NULL;0;NULL;0;NULL;0;NULL;0;xxx
2102;7228;0;0;1;1;0,028;NULL;0;NULL;0;NULL;0;NULL;0;NULL;0;NULL;0;NULL;0;NULL;0;NULL;0;xxx
1991;7290;0;0;1;1;0,03;NULL;0;NULL;0;NULL;0;NULL;0;NULL;0;NULL;0;NULL;0;NULL;0;NULL;0;xxx
2110;7291;0;0;1;1;0,039;NULL;0;NULL;0;NULL;0;NULL;0;NULL;0;NULL;0;NULL;0;NULL;0;NULL;0;xxx
2110;7292;0;0;1;1;0,028;NULL;0;NULL;0;NULL;0;NULL;0;NULL;0;NULL;0;NULL;0;NULL;0;NULL;0;xxx
2110;7293;0;0;1;1;0,0335;NULL;0;NULL;0;NULL;0;NULL;0;NULL;0;NULL;0;NULL;0;NULL;0;NULL;0;xxx
2111;7294;0;0;1;1;0,039;NULL;0;NULL;0;NULL;0;NULL;0;NULL;0;NULL;0;NULL;0;NULL;0;NULL;0;xxx
2111;7295;0;0;1;1;0,039;NULL;0;NULL;0;NULL;0;NULL;0;NULL;0;NULL;0;NULL;0;NULL;0;NULL;0;xxx
2111;7296;0;0;1;1;0,022;NULL;0;NULL;0;NULL;0;NULL;0;NULL;0;NULL;0;NULL;0;NULL;0;NULL;0;xxx
2112;7297;0;0;1;1;0,035;NULL;0;NULL;0;NULL;0;NULL;0;NULL;0;NULL;0;NULL;0;NULL;0;NULL;0;xxx
2112;7298;0;0;1;1;0,04;NULL;0;NULL;0;NULL;0;NULL;0;NULL;0;NULL;0;NULL;0;NULL;0;NULL;0;xxx
2112;7299;0;0;1;1;0,025;NULL;0;NULL;0;NULL;0;NULL;0;NULL;0;NULL;0;NULL;0;NULL;0;NULL;0;xxx
2113;7300;0;0;1;1;0,032;NULL;0;NULL;0;NULL;0;NULL;0;NULL;0;NULL;0;NULL;0;NULL;0;NULL;0;xxx
2113;7301;0;0;1;1;0,0275;NULL;0;NULL;0;NULL;0;NULL;0;NULL;0;NULL;0;NULL;0;NULL;0;NULL;0;xxx
2113;7302;0;0;1;1;0,041;NULL;0;NULL;0;NULL;0;NULL;0;NULL;0;NULL;0;NULL;0;NULL;0;NULL;0;xxx
2114;7303;0;0;1;1;0,0285;NULL;0;NULL;0;NULL;0;NULL;0;NULL;0;NULL;0;NULL;0;NULL;0;NULL;0;xxx
2114;7304;0;0;1;1;0,0355;NULL;0;NULL;0;NULL;0;NULL;0;NULL;0;NULL;0;NULL;0;NULL;0;NULL;0;xxx
2114;7305;0;0;1;1;0,0355;NULL;0;NULL;0;NULL;0;NULL;0;NULL;0;NULL;0;NULL;0;NULL;0;NULL;0;xxx
2105;7248;0;0;1;1;0,0375;NULL;0;NULL;0;NULL;0;NULL;0;NULL;0;NULL;0;NULL;0;NULL;0;NULL;0;xxx
2105;7249;0;0;1;1;0,0375;NULL;0;NULL;0;NULL;0;NULL;0;NULL;0;NULL;0;NULL;0;NULL;0;NULL;0;xxx
2106;7244;0;0;1;1;0,0435;NULL;0;NULL;0;NULL;0;NULL;0;NULL;0;NULL;0;NULL;0;NULL;0;NULL;0;xxx
2106;7245;0;0;1;1;0,0375;NULL;0;NULL;0;NULL;0;NULL;0;NULL;0;NULL;0;NULL;0;NULL;0;NULL;0;xxx
2106;7246;0;0;1;1;0,0185;NULL;0;NULL;0;NULL;0;NULL;0;NULL;0;NULL;0;NULL;0;NULL;0;NULL;0;xxx
1980;7250;0;0;1;1;0,0185;NULL;0;NULL;0;NULL;0;NULL;0;NULL;0;NULL;0;NULL;0;NULL;0;NULL;0;xxx
1980;7251;0;0;1;1;0,0375;NULL;0;NULL;0;NULL;0;NULL;0;NULL;0;NULL;0;NULL;0;NULL;0;NULL;0;xxx
1980;7252;0;0;1;1;0,0435;NULL;0;NULL;0;NULL;0;NULL;0;NULL;0;NULL;0;NULL;0;NULL;0;NULL;0;xxx
2107;7253;0;0;1;1;0,0335;NULL;0;NULL;0;NULL;0;NULL;0;NULL;0;NULL;0;NULL;0;NULL;0;NULL;0;xxx
2107;7254;0;0;1;1;0,039;NULL;0;NULL;0;NULL;0;NULL;0;NULL;0;NULL;0;NULL;0;NULL;0;NULL;0;xxx
2107;7255;0;0;1;1;0,028;NULL;0;NULL;0;NULL;0;NULL;0;NULL;0;NULL;0;NULL;0;NULL;0;NULL;0;xxx
1984;7256;0;0;1;1;0,028;NULL;0;NULL;0;NULL;0;NULL;0;NULL;0;NULL;0;NULL;0;NULL;0;NULL;0;xxx
1984;7257;0;0;1;1;0,039;NULL;0;NULL;0;NULL;0;NULL;0;NULL;0;NULL;0;NULL;0;NULL;0;NULL;0;xxx
1984;7258;0;0;1;1;0,0335;NULL;0;NULL;0;NULL;0;NULL;0;NULL;0;NULL;0;NULL;0;NULL;0;NULL;0;xxx
1983;7259;0;0;1;1;0,0275;NULL;0;NULL;0;NULL;0;NULL;0;NULL;0;NULL;0;NULL;0;NULL;0;NULL;0;xxx
1983;7260;0;0;1;1;0,0365;NULL;0;NULL;0;NULL;0;NULL;0;NULL;0;NULL;0;NULL;0;NULL;0;NULL;0;xxx
1983;7261;0;0;1;1;0,0365;NULL;0;NULL;0;NULL;0;NULL;0;NULL;0;NULL;0;NULL;0;NULL;0;NULL;0;xxx
2108;7262;0;0;1;1;0,022;NULL;0;NULL;0;NULL;0;NULL;0;NULL;0;NULL;0;NULL;0;NULL;0;NULL;0;xxx
2108;7263;0;0;1;1;0,039;NULL;0;NULL;0;NULL;0;NULL;0;NULL;0;NULL;0;NULL;0;NULL;0;NULL;0;xxx
2108;7264;0;0;1;1;0,039;NULL;0;NULL;0;NULL;0;NULL;0;NULL;0;NULL;0;NULL;0;NULL;0;NULL;0;xxx
1982;7265;0;0;1;1;0,375;NULL;0;NULL;0;NULL;0;NULL;0;NULL;0;NULL;0;NULL;0;NULL;0;NULL;0;xxx
1982;7266;0;0;1;1;0,333333;NULL;0;NULL;0;NULL;0;NULL;0;NULL;0;NULL;0;NULL;0;NULL;0;NULL;0;xxx
1982;7267;0;0;1;1;0,354167;NULL;0;NULL;0;NULL;0;NULL;0;NULL;0;NULL;0;NULL;0;NULL;0;NULL;0;xxx
1982;7268;0;0;1;1;0,291667;NULL;0;NULL;0;NULL;0;NULL;0;NULL;0;NULL;0;NULL;0;NULL;0;NULL;0;xxx
1982;7269;0;0;1;1;0,3125;NULL;0;NULL;0;NULL;0;NULL;0;NULL;0;NULL;0;NULL;0;NULL;0;NULL;0;xxx
7557;7265;0;0;1;1;0,375;NULL;0;NULL;0;NULL;0;NULL;0;NULL;0;NULL;0;NULL;0;NULL;0;NULL;0;xxx
7557;7266;0;0;1;1;0,333333;NULL;0;NULL;0;NULL;0;NULL;0;NULL;0;NULL;0;NULL;0;NULL;0;NULL;0;xxx
7557;7267;0;0;1;1;0,354167;NULL;0;NULL;0;NULL;0;NULL;0;NULL;0;NULL;0;NULL;0;NULL;0;NULL;0;xxx
7557;7268;0;0;1;1;0,291667;NULL;0;NULL;0;NULL;0;NULL;0;NULL;0;NULL;0;NULL;0;NULL;0;NULL;0;xxx
7557;7269;0;0;1;1;0,3125;NULL;0;NULL;0;NULL;0;NULL;0;NULL;0;NULL;0;NULL;0;NULL;0;NULL;0;xxx
7558;7265;0;0;1;1;0,375;NULL;0;NULL;0;NULL;0;NULL;0;NULL;0;NULL;0;NULL;0;NULL;0;NULL;0;xxx
7558;7266;0;0;1;1;0,333333;NULL;0;NULL;0;NULL;0;NULL;0;NULL;0;NULL;0;NULL;0;NULL;0;NULL;0;xxx
7558;7267;0;0;1;1;0,354167;NULL;0;NULL;0;NULL;0;NULL;0;NULL;0;NULL;0;NULL;0;NULL;0;NULL;0;xxx
7558;7268;0;0;1;1;0,291667;NULL;0;NULL;0;NULL;0;NULL;0;NULL;0;NULL;0;NULL;0;NULL;0;NULL;0;xxx
7558;7269;0;0;1;1;0,3125;NULL;0;NULL;0;NULL;0;NULL;0;NULL;0;NULL;0;NULL;0;NULL;0;NULL;0;xxx
2109;7270;0;0;1;1;0,0335;NULL;0;NULL;0;NULL;0;NULL;0;NULL;0;NULL;0;NULL;0;NULL;0;NULL;0;xxx
2109;7271;0;0;1;1;0,028;NULL;0;NULL;0;NULL;0;NULL;0;NULL;0;NULL;0;NULL;0;NULL;0;NULL;0;xxx
2109;7272;0;0;1;1;0,039;NULL;0;NULL;0;NULL;0;NULL;0;NULL;0;NULL;0;NULL;0;NULL;0;NULL;0;xxx
1985;7273;0;0;1;1;0,0285;NULL;0;NULL;0;NULL;0;NULL;0;NULL;0;NULL;0;NULL;0;NULL;0;NULL;0;xxx
1985;7274;0;0;1;1;0,0355;NULL;0;NULL;0;NULL;0;NULL;0;NULL;0;NULL;0;NULL;0;NULL;0;NULL;0;xxx
1985;7275;0;0;1;1;0,0355;NULL;0;NULL;0;NULL;0;NULL;0;NULL;0;NULL;0;NULL;0;NULL;0;NULL;0;xxx
1987;7276;0;0;1;1;0,0285;NULL;0;NULL;0;NULL;0;NULL;0;NULL;0;NULL;0;NULL;0;NULL;0;NULL;0;xxx
1987;7277;0;0;1;1;0,0355;NULL;0;NULL;0;NULL;0;NULL;0;NULL;0;NULL;0;NULL;0;NULL;0;NULL;0;xxx
1987;7278;0;0;1;1;0,0355;NULL;0;NULL;0;NULL;0;NULL;0;NULL;0;NULL;0;NULL;0;NULL;0;NULL;0;xxx
2124;7279;0;0;1;1;0,0165;NULL;0;NULL;0;NULL;0;NULL;0;NULL;0;NULL;0;NULL;0;NULL;0;NULL;0;xxx
2124;7280;0;0;1;1;0,0415;NULL;0;NULL;0;NULL;0;NULL;0;NULL;0;NULL;0;NULL;0;NULL;0;NULL;0;xxx
2124;7281;0;0;1;1;0,0415;NULL;0;NULL;0;NULL;0;NULL;0;NULL;0;NULL;0;NULL;0;NULL;0;NULL;0;xxx
1994;7282;0;0;1;1;0,03;NULL;0;NULL;0;NULL;0;NULL;0;NULL;0;NULL;0;NULL;0;NULL;0;NULL;0;xxx
1994;7283;0;0;1;1;0,04;NULL;0;NULL;0;NULL;0;NULL;0;NULL;0;NULL;0;NULL;0;NULL;0;NULL;0;xxx
3800;7384;0;0;1;1;0,0415;NULL;0;NULL;0;NULL;0;NULL;0;NULL;0;NULL;0;NULL;0;NULL;0;NULL;0;xxx
3800;7385;0;0;1;1;0,0335;NULL;0;NULL;0;NULL;0;NULL;0;NULL;0;NULL;0;NULL;0;NULL;0;NULL;0;xxx
3801;7386;0;0;1;1;0,02;NULL;0;NULL;0;NULL;0;NULL;0;NULL;0;NULL;0;NULL;0;NULL;0;NULL;0;xxx
3801;7387;0;0;1;1;0,04;NULL;0;NULL;0;NULL;0;NULL;0;NULL;0;NULL;0;NULL;0;NULL;0;NULL;0;xxx
3801;7388;0;0;1;1;0,04;NULL;0;NULL;0;NULL;0;NULL;0;NULL;0;NULL;0;NULL;0;NULL;0;NULL;0;xxx
3802;7389;0;0;1;1;0,0335;NULL;0;NULL;0;NULL;0;NULL;0;NULL;0;NULL;0;NULL;0;NULL;0;NULL;0;xxx
3802;7390;0;0;1;1;0,0415;NULL;0;NULL;0;NULL;0;NULL;0;NULL;0;NULL;0;NULL;0;NULL;0;NULL;0;xxx
3802;7391;0;0;1;1;0,025;NULL;0;NULL;0;NULL;0;NULL;0;NULL;0;NULL;0;NULL;0;NULL;0;NULL;0;xxx
3804;7392;0;0;1;1;0,0215;NULL;0;NULL;0;NULL;0;NULL;0;NULL;0;NULL;0;NULL;0;NULL;0;NULL;0;xxx
3804;7393;0;0;1;1;0,0355;NULL;0;NULL;0;NULL;0;NULL;0;NULL;0;NULL;0;NULL;0;NULL;0;NULL;0;xxx
3804;7394;0;0;1;1;0,043;NULL;0;NULL;0;NULL;0;NULL;0;NULL;0;NULL;0;NULL;0;NULL;0;NULL;0;xxx
3805;7395;0;0;1;1;0,0415;NULL;0;NULL;0;NULL;0;NULL;0;NULL;0;NULL;0;NULL;0;NULL;0;NULL;0;xxx
3805;7396;0;0;1;1;0,0335;NULL;0;NULL;0;NULL;0;NULL;0;NULL;0;NULL;0;NULL;0;NULL;0;NULL;0;xxx
3805;7397;0;0;1;1;0,025;NULL;0;NULL;0;NULL;0;NULL;0;NULL;0;NULL;0;NULL;0;NULL;0;NULL;0;xxx
3803;7398;0;0;1;1;0,0285;NULL;0;NULL;0;NULL;0;NULL;0;NULL;0;NULL;0;NULL;0;NULL;0;NULL;0;xxx
3803;7399;0;0;1;1;0,0355;NULL;0;NULL;0;NULL;0;NULL;0;NULL;0;NULL;0;NULL;0;NULL;0;NULL;0;xxx
3803;7400;0;0;1;1;0,0355;NULL;0;NULL;0;NULL;0;NULL;0;NULL;0;NULL;0;NULL;0;NULL;0;NULL;0;xxx
3806;7401;0;0;1;1;0,0375;NULL;0;NULL;0;NULL;0;NULL;0;NULL;0;NULL;0;NULL;0;NULL;0;NULL;0;xxx
3806;7402;0;0;1;1;0,0375;NULL;0;NULL;0;NULL;0;NULL;0;NULL;0;NULL;0;NULL;0;NULL;0;NULL;0;xxx
3806;7403;0;0;1;1;0,025;NULL;0;NULL;0;NULL;0;NULL;0;NULL;0;NULL;0;NULL;0;NULL;0;NULL;0;xxx
3808;7404;0;0;1;1;0,04;NULL;0;NULL;0;NULL;0;NULL;0;NULL;0;NULL;0;NULL;0;NULL;0;NULL;0;xxx
3808;7405;0;0;1;1;0,02;NULL;0;NULL;0;NULL;0;NULL;0;NULL;0;NULL;0;NULL;0;NULL;0;NULL;0;xxx
3808;7406;0;0;1;1;0,04;NULL;0;NULL;0;NULL;0;NULL;0;NULL;0;NULL;0;NULL;0;NULL;0;NULL;0;xxx
3807;7407;0;0;1;1;0,02;NULL;0;NULL;0;NULL;0;NULL;0;NULL;0;NULL;0;NULL;0;NULL;0;NULL;0;xxx
3807;7408;0;0;1;1;0,04;NULL;0;NULL;0;NULL;0;NULL;0;NULL;0;NULL;0;NULL;0;NULL;0;NULL;0;xxx
3807;7409;0;0;1;1;0,04;NULL;0;NULL;0;NULL;0;NULL;0;NULL;0;NULL;0;NULL;0;NULL;0;NULL;0;xxx
3809;7410;0;0;1;1;0,025;NULL;0;NULL;0;NULL;0;NULL;0;NULL;0;NULL;0;NULL;0;NULL;0;NULL;0;xxx
3809;7411;0;0;1;1;0,0415;NULL;0;NULL;0;NULL;0;NULL;0;NULL;0;NULL;0;NULL;0;NULL;0;NULL;0;xxx
3809;7412;0;0;1;1;0,0335;NULL;0;NULL;0;NULL;0;NULL;0;NULL;0;NULL;0;NULL;0;NULL;0;NULL;0;xxx
3810;7413;0;0;1;1;0,304167;NULL;0;NULL;0;NULL;0;NULL;0;NULL;0;NULL;0;NULL;0;NULL;0;NULL;0;xxx
3810;7414;0;0;1;1;0,379167;NULL;0;NULL;0;NULL;0;NULL;0;NULL;0;NULL;0;NULL;0;NULL;0;NULL;0;xxx
3810;7415;0;0;1;1;0,379167;NULL;0;NULL;0;NULL;0;NULL;0;NULL;0;NULL;0;NULL;0;NULL;0;NULL;0;xxx
3810;7416;0;0;1;1;0,304167;NULL;0;NULL;0;NULL;0;NULL;0;NULL;0;NULL;0;NULL;0;NULL;0;NULL;0;xxx
3810;7417;0;0;1;1;0,304167;NULL;0;NULL;0;NULL;0;NULL;0;NULL;0;NULL;0;NULL;0;NULL;0;NULL;0;xxx
7561;7413;0;0;1;1;0,304167;NULL;0;NULL;0;NULL;0;NULL;0;NULL;0;NULL;0;NULL;0;NULL;0;NULL;0;xxx
1994;7284;0;0;1;1;0,03;NULL;0;NULL;0;NULL;0;NULL;0;NULL;0;NULL;0;NULL;0;NULL;0;NULL;0;xxx
1990;7285;0;0;1;1;0,025;NULL;0;NULL;0;NULL;0;NULL;0;NULL;0;NULL;0;NULL;0;NULL;0;NULL;0;xxx
1990;7286;0;0;1;1;0,0375;NULL;0;NULL;0;NULL;0;NULL;0;NULL;0;NULL;0;NULL;0;NULL;0;NULL;0;xxx
1990;7287;0;0;1;1;0,0375;NULL;0;NULL;0;NULL;0;NULL;0;NULL;0;NULL;0;NULL;0;NULL;0;NULL;0;xxx
1991;7288;0;0;1;1;0,03;NULL;0;NULL;0;NULL;0;NULL;0;NULL;0;NULL;0;NULL;0;NULL;0;NULL;0;xxx
1991;7289;0;0;1;1;0,04;NULL;0;NULL;0;NULL;0;NULL;0;NULL;0;NULL;0;NULL;0;NULL;0;NULL;0;xxx
2002;7332;0;0;1;1;0,325;NULL;0;NULL;0;NULL;0;NULL;0;NULL;0;NULL;0;NULL;0;NULL;0;NULL;0;xxx
2002;7333;0;0;1;1;0,3625;NULL;0;NULL;0;NULL;0;NULL;0;NULL;0;NULL;0;NULL;0;NULL;0;NULL;0;xxx
2002;7334;0;0;1;1;0,291667;NULL;0;NULL;0;NULL;0;NULL;0;NULL;0;NULL;0;NULL;0;NULL;0;NULL;0;xxx
7559;7330;0;0;1;1;0,325;NULL;0;NULL;0;NULL;0;NULL;0;NULL;0;NULL;0;NULL;0;NULL;0;NULL;0;xxx
7559;7331;0;0;1;1;0,3625;NULL;0;NULL;0;NULL;0;NULL;0;NULL;0;NULL;0;NULL;0;NULL;0;NULL;0;xxx
7559;7332;0;0;1;1;0,325;NULL;0;NULL;0;NULL;0;NULL;0;NULL;0;NULL;0;NULL;0;NULL;0;NULL;0;xxx
7559;7333;0;0;1;1;0,3625;NULL;0;NULL;0;NULL;0;NULL;0;NULL;0;NULL;0;NULL;0;NULL;0;NULL;0;xxx
7559;7334;0;0;1;1;0,291667;NULL;0;NULL;0;NULL;0;NULL;0;NULL;0;NULL;0;NULL;0;NULL;0;NULL;0;xxx
7560;7330;0;0;1;1;0,325;NULL;0;NULL;0;NULL;0;NULL;0;NULL;0;NULL;0;NULL;0;NULL;0;NULL;0;xxx
7560;7331;0;0;1;1;0,3625;NULL;0;NULL;0;NULL;0;NULL;0;NULL;0;NULL;0;NULL;0;NULL;0;NULL;0;xxx
7560;7332;0;0;1;1;0,325;NULL;0;NULL;0;NULL;0;NULL;0;NULL;0;NULL;0;NULL;0;NULL;0;NULL;0;xxx
7560;7333;0;0;1;1;0,3625;NULL;0;NULL;0;NULL;0;NULL;0;NULL;0;NULL;0;NULL;0;NULL;0;NULL;0;xxx
7560;7334;0;0;1;1;0,291667;NULL;0;NULL;0;NULL;0;NULL;0;NULL;0;NULL;0;NULL;0;NULL;0;NULL;0;xxx
3796;7371;0;0;1;1;0,025;NULL;0;NULL;0;NULL;0;NULL;0;NULL;0;NULL;0;NULL;0;NULL;0;NULL;0;xxx
3796;7372;0;0;1;1;0,0415;NULL;0;NULL;0;NULL;0;NULL;0;NULL;0;NULL;0;NULL;0;NULL;0;NULL;0;xxx
3796;7373;0;0;1;1;0,0335;NULL;0;NULL;0;NULL;0;NULL;0;NULL;0;NULL;0;NULL;0;NULL;0;NULL;0;xxx
3798;7374;0;0;1;1;0,028;NULL;0;NULL;0;NULL;0;NULL;0;NULL;0;NULL;0;NULL;0;NULL;0;NULL;0;xxx
3798;7375;0;0;1;1;0,0335;NULL;0;NULL;0;NULL;0;NULL;0;NULL;0;NULL;0;NULL;0;NULL;0;NULL;0;xxx
3798;7376;0;0;1;1;0,039;NULL;0;NULL;0;NULL;0;NULL;0;NULL;0;NULL;0;NULL;0;NULL;0;NULL;0;xxx
3797;7377;0;0;1;1;0,025;NULL;0;NULL;0;NULL;0;NULL;0;NULL;0;NULL;0;NULL;0;NULL;0;NULL;0;xxx
3797;7378;0;0;1;1;0,04;NULL;0;NULL;0;NULL;0;NULL;0;NULL;0;NULL;0;NULL;0;NULL;0;NULL;0;xxx
3797;7379;0;0;1;1;0,035;NULL;0;NULL;0;NULL;0;NULL;0;NULL;0;NULL;0;NULL;0;NULL;0;NULL;0;xxx
3799;7380;0;0;1;1;0,035;NULL;0;NULL;0;NULL;0;NULL;0;NULL;0;NULL;0;NULL;0;NULL;0;NULL;0;xxx
3799;7381;0;0;1;1;0,025;NULL;0;NULL;0;NULL;0;NULL;0;NULL;0;NULL;0;NULL;0;NULL;0;NULL;0;xxx
3799;7382;0;0;1;1;0,04;NULL;0;NULL;0;NULL;0;NULL;0;NULL;0;NULL;0;NULL;0;NULL;0;NULL;0;xxx
3800;7383;0;0;1;1;0,025;NULL;0;NULL;0;NULL;0;NULL;0;NULL;0;NULL;0;NULL;0;NULL;0;NULL;0;xxx
3873;7448;0;0;1;1;0,0185;NULL;0;NULL;0;NULL;0;NULL;0;NULL;0;NULL;0;NULL;0;NULL;0;NULL;0;xxx
3873;7449;0;0;1;1;0,0375;NULL;0;NULL;0;NULL;0;NULL;0;NULL;0;NULL;0;NULL;0;NULL;0;NULL;0;xxx
3873;7450;0;0;1;1;0,0435;NULL;0;NULL;0;NULL;0;NULL;0;NULL;0;NULL;0;NULL;0;NULL;0;NULL;0;xxx
3874;7451;0;0;1;1;0,029;NULL;0;NULL;0;NULL;0;NULL;0;NULL;0;NULL;0;NULL;0;NULL;0;NULL;0;xxx
3874;7452;0;0;1;1;0,0375;NULL;0;NULL;0;NULL;0;NULL;0;NULL;0;NULL;0;NULL;0;NULL;0;NULL;0;xxx
3874;7453;0;0;1;1;0,0335;NULL;0;NULL;0;NULL;0;NULL;0;NULL;0;NULL;0;NULL;0;NULL;0;NULL;0;xxx
5879;7454;0;0;1;1;0,025;NULL;0;NULL;0;NULL;0;NULL;0;NULL;0;NULL;0;NULL;0;NULL;0;NULL;0;xxx
5879;7455;0;0;1;1;0,0415;NULL;0;NULL;0;NULL;0;NULL;0;NULL;0;NULL;0;NULL;0;NULL;0;NULL;0;xxx
5879;7456;0;0;1;1;0,0335;NULL;0;NULL;0;NULL;0;NULL;0;NULL;0;NULL;0;NULL;0;NULL;0;NULL;0;xxx
3875;7457;0;0;1;1;0,325;NULL;0;NULL;0;NULL;0;NULL;0;NULL;0;NULL;0;NULL;0;NULL;0;NULL;0;xxx
3875;7458;0;0;1;1;0,370833;NULL;0;NULL;0;NULL;0;NULL;0;NULL;0;NULL;0;NULL;0;NULL;0;NULL;0;xxx
3875;7459;0;0;1;1;0,370833;NULL;0;NULL;0;NULL;0;NULL;0;NULL;0;NULL;0;NULL;0;NULL;0;NULL;0;xxx
3875;7460;0;0;1;1;0,254167;NULL;0;NULL;0;NULL;0;NULL;0;NULL;0;NULL;0;NULL;0;NULL;0;NULL;0;xxx
3875;7461;0;0;1;1;0,345833;NULL;0;NULL;0;NULL;0;NULL;0;NULL;0;NULL;0;NULL;0;NULL;0;NULL;0;xxx
7563;7457;0;0;1;1;0,325;NULL;0;NULL;0;NULL;0;NULL;0;NULL;0;NULL;0;NULL;0;NULL;0;NULL;0;xxx
7563;7458;0;0;1;1;0,370833;NULL;0;NULL;0;NULL;0;NULL;0;NULL;0;NULL;0;NULL;0;NULL;0;NULL;0;xxx
7563;7459;0;0;1;1;0,370833;NULL;0;NULL;0;NULL;0;NULL;0;NULL;0;NULL;0;NULL;0;NULL;0;NULL;0;xxx
7563;7460;0;0;1;1;0,254167;NULL;0;NULL;0;NULL;0;NULL;0;NULL;0;NULL;0;NULL;0;NULL;0;NULL;0;xxx
7563;7461;0;0;1;1;0,345833;NULL;0;NULL;0;NULL;0;NULL;0;NULL;0;NULL;0;NULL;0;NULL;0;NULL;0;xxx
7564;7457;0;0;1;1;0,325;NULL;0;NULL;0;NULL;0;NULL;0;NULL;0;NULL;0;NULL;0;NULL;0;NULL;0;xxx
7564;7458;0;0;1;1;0,370833;NULL;0;NULL;0;NULL;0;NULL;0;NULL;0;NULL;0;NULL;0;NULL;0;NULL;0;xxx
7564;7459;0;0;1;1;0,370833;NULL;0;NULL;0;NULL;0;NULL;0;NULL;0;NULL;0;NULL;0;NULL;0;NULL;0;xxx
7564;7460;0;0;1;1;0,254167;NULL;0;NULL;0;NULL;0;NULL;0;NULL;0;NULL;0;NULL;0;NULL;0;NULL;0;xxx
7564;7461;0;0;1;1;0,345833;NULL;0;NULL;0;NULL;0;NULL;0;NULL;0;NULL;0;NULL;0;NULL;0;NULL;0;xxx
5850;10595;0;0;1;1;0,045;NULL;0;NULL;0;NULL;0;NULL;0;NULL;0;NULL;0;NULL;0;NULL;0;NULL;0;xxx
5850;10596;0;0;1;1;0,04;NULL;0;NULL;0;NULL;0;NULL;0;NULL;0;NULL;0;NULL;0;NULL;0;NULL;0;xxx
5850;10597;0;0;1;1;0,015;NULL;0;NULL;0;NULL;0;NULL;0;NULL;0;NULL;0;NULL;0;NULL;0;NULL;0;xxx
5851;10598;0;0;1;1;0,0445;NULL;0;NULL;0;NULL;0;NULL;0;NULL;0;NULL;0;NULL;0;NULL;0;NULL;0;xxx
5851;10599;0;0;1;1;0,022167;NULL;0;NULL;0;NULL;0;NULL;0;NULL;0;NULL;0;NULL;0;NULL;0;NULL;0;xxx
5851;10600;0;0;1;1;0,033333;NULL;0;NULL;0;NULL;0;NULL;0;NULL;0;NULL;0;NULL;0;NULL;0;NULL;0;xxx
5852;10601;0;0;1;1;0,042833;NULL;0;NULL;0;NULL;0;NULL;0;NULL;0;NULL;0;NULL;0;NULL;0;NULL;0;xxx
5852;10602;0;0;1;1;0,0215;NULL;0;NULL;0;NULL;0;NULL;0;NULL;0;NULL;0;NULL;0;NULL;0;NULL;0;xxx
5852;10603;0;0;1;1;0,035667;NULL;0;NULL;0;NULL;0;NULL;0;NULL;0;NULL;0;NULL;0;NULL;0;NULL;0;xxx
5853;10604;0;0;1;1;0,023;NULL;0;NULL;0;NULL;0;NULL;0;NULL;0;NULL;0;NULL;0;NULL;0;NULL;0;xxx
5853;10605;0;0;1;1;0,042333;NULL;0;NULL;0;NULL;0;NULL;0;NULL;0;NULL;0;NULL;0;NULL;0;NULL;0;xxx
5853;10606;0;0;1;1;0,034667;NULL;0;NULL;0;NULL;0;NULL;0;NULL;0;NULL;0;NULL;0;NULL;0;NULL;0;xxx
5854;10607;0;0;1;1;0,044167;NULL;0;NULL;0;NULL;0;NULL;0;NULL;0;NULL;0;NULL;0;NULL;0;NULL;0;xxx
5854;10608;0;0;1;1;0,014667;NULL;0;NULL;0;NULL;0;NULL;0;NULL;0;NULL;0;NULL;0;NULL;0;NULL;0;xxx
5854;10609;0;0;1;1;0,041167;NULL;0;NULL;0;NULL;0;NULL;0;NULL;0;NULL;0;NULL;0;NULL;0;NULL;0;xxx
5855;10610;0;0;1;1;0,034333;NULL;0;NULL;0;NULL;0;NULL;0;NULL;0;NULL;0;NULL;0;NULL;0;NULL;0;xxx
5855;10611;0;0;1;1;0,043667;NULL;0;NULL;0;NULL;0;NULL;0;NULL;0;NULL;0;NULL;0;NULL;0;NULL;0;xxx
5855;10612;0;0;1;1;0,021833;NULL;0;NULL;0;NULL;0;NULL;0;NULL;0;NULL;0;NULL;0;NULL;0;NULL;0;xxx
5856;10613;0;0;1;1;0,036833;NULL;0;NULL;0;NULL;0;NULL;0;NULL;0;NULL;0;NULL;0;NULL;0;NULL;0;xxx
5856;10614;0;0;1;1;0,044667;NULL;0;NULL;0;NULL;0;NULL;0;NULL;0;NULL;0;NULL;0;NULL;0;NULL;0;xxx
5856;10615;0;0;1;1;0,0185;NULL;0;NULL;0;NULL;0;NULL;0;NULL;0;NULL;0;NULL;0;NULL;0;NULL;0;xxx
5857;10616;0;0;1;1;0,015333;NULL;0;NULL;0;NULL;0;NULL;0;NULL;0;NULL;0;NULL;0;NULL;0;NULL;0;xxx
5857;10617;0;0;1;1;0,0385;NULL;0;NULL;0;NULL;0;NULL;0;NULL;0;NULL;0;NULL;0;NULL;0;NULL;0;xxx
5857;10618;0;0;1;1;0,046167;NULL;0;NULL;0;NULL;0;NULL;0;NULL;0;NULL;0;NULL;0;NULL;0;NULL;0;xxx
1979;7229;0;0;1;1;0,043;NULL;0;NULL;0;NULL;0;NULL;0;NULL;0;NULL;0;NULL;0;NULL;0;NULL;0;xxx
1979;7230;0;0;1;1;0,0355;NULL;0;NULL;0;NULL;0;NULL;0;NULL;0;NULL;0;NULL;0;NULL;0;NULL;0;xxx
1979;7231;0;0;1;1;0,0215;NULL;0;NULL;0;NULL;0;NULL;0;NULL;0;NULL;0;NULL;0;NULL;0;NULL;0;xxx
1978;7232;0;0;1;1;0,0285;NULL;0;NULL;0;NULL;0;NULL;0;NULL;0;NULL;0;NULL;0;NULL;0;NULL;0;xxx
1978;7233;0;0;1;1;0,0355;NULL;0;NULL;0;NULL;0;NULL;0;NULL;0;NULL;0;NULL;0;NULL;0;NULL;0;xxx
1978;7234;0;0;1;1;0,0355;NULL;0;NULL;0;NULL;0;NULL;0;NULL;0;NULL;0;NULL;0;NULL;0;NULL;0;xxx
2103;7235;0;0;1;1;0,0215;NULL;0;NULL;0;NULL;0;NULL;0;NULL;0;NULL;0;NULL;0;NULL;0;NULL;0;xxx
2103;7236;0;0;1;1;0,043;NULL;0;NULL;0;NULL;0;NULL;0;NULL;0;NULL;0;NULL;0;NULL;0;NULL;0;xxx
2103;7237;0;0;1;1;0,0355;NULL;0;NULL;0;NULL;0;NULL;0;NULL;0;NULL;0;NULL;0;NULL;0;NULL;0;xxx
2104;7241;0;0;1;1;0,039;NULL;0;NULL;0;NULL;0;NULL;0;NULL;0;NULL;0;NULL;0;NULL;0;NULL;0;xxx
2104;7242;0;0;1;1;0,039;NULL;0;NULL;0;NULL;0;NULL;0;NULL;0;NULL;0;NULL;0;NULL;0;NULL;0;xxx
2104;7243;0;0;1;1;0,022;NULL;0;NULL;0;NULL;0;NULL;0;NULL;0;NULL;0;NULL;0;NULL;0;NULL;0;xxx
1981;7238;0;0;1;1;0,0355;NULL;0;NULL;0;NULL;0;NULL;0;NULL;0;NULL;0;NULL;0;NULL;0;NULL;0;xxx
1981;7239;0;0;1;1;0,0215;NULL;0;NULL;0;NULL;0;NULL;0;NULL;0;NULL;0;NULL;0;NULL;0;NULL;0;xxx
1981;7240;0;0;1;1;0,043;NULL;0;NULL;0;NULL;0;NULL;0;NULL;0;NULL;0;NULL;0;NULL;0;NULL;0;xxx
2105;7247;0;0;1;1;0,025;NULL;0;NULL;0;NULL;0;NULL;0;NULL;0;NULL;0;NULL;0;NULL;0;NULL;0;xxx
3872;7445;0;0;1;1;0,02;NULL;0;NULL;0;NULL;0;NULL;0;NULL;0;NULL;0;NULL;0;NULL;0;NULL;0;xxx
3872;7446;0;0;1;1;0,04;NULL;0;NULL;0;NULL;0;NULL;0;NULL;0;NULL;0;NULL;0;NULL;0;NULL;0;xxx
3872;7447;0;0;1;1;0,04;NULL;0;NULL;0;NULL;0;NULL;0;NULL;0;NULL;0;NULL;0;NULL;0;NULL;0;xxx
5866;10645;0;0;1;1;0,042333;NULL;0;NULL;0;NULL;0;NULL;0;NULL;0;NULL;0;NULL;0;NULL;0;NULL;0;xxx
5867;10646;0;0;1;1;0,017833;NULL;0;NULL;0;NULL;0;NULL;0;NULL;0;NULL;0;NULL;0;NULL;0;NULL;0;xxx
5867;10647;0;0;1;1;0,035667;NULL;0;NULL;0;NULL;0;NULL;0;NULL;0;NULL;0;NULL;0;NULL;0;NULL;0;xxx
5867;10648;0;0;1;1;0,0465;NULL;0;NULL;0;NULL;0;NULL;0;NULL;0;NULL;0;NULL;0;NULL;0;NULL;0;xxx
5868;10649;0;0;1;1;0,008333;NULL;0;NULL;0;NULL;0;NULL;0;NULL;0;NULL;0;NULL;0;NULL;0;NULL;0;xxx
5868;10650;0;0;1;1;0,0445;NULL;0;NULL;0;NULL;0;NULL;0;NULL;0;NULL;0;NULL;0;NULL;0;NULL;0;xxx
5868;10651;0;0;1;1;0,047167;NULL;0;NULL;0;NULL;0;NULL;0;NULL;0;NULL;0;NULL;0;NULL;0;NULL;0;xxx
5869;10652;0;0;1;1;0,0125;NULL;0;NULL;0;NULL;0;NULL;0;NULL;0;NULL;0;NULL;0;NULL;0;NULL;0;xxx
5869;10653;0;0;1;1;0,045833;NULL;0;NULL;0;NULL;0;NULL;0;NULL;0;NULL;0;NULL;0;NULL;0;NULL;0;xxx
5869;10654;0;0;1;1;0,041667;NULL;0;NULL;0;NULL;0;NULL;0;NULL;0;NULL;0;NULL;0;NULL;0;NULL;0;xxx
5870;10655;0;0;1;1;0,045833;NULL;0;NULL;0;NULL;0;NULL;0;NULL;0;NULL;0;NULL;0;NULL;0;NULL;0;xxx
5870;10656;0;0;1;1;0,016667;NULL;0;NULL;0;NULL;0;NULL;0;NULL;0;NULL;0;NULL;0;NULL;0;NULL;0;xxx
5870;10657;0;0;1;1;0,0375;NULL;0;NULL;0;NULL;0;NULL;0;NULL;0;NULL;0;NULL;0;NULL;0;NULL;0;xxx
5871;10658;0;0;1;1;0,041667;NULL;0;NULL;0;NULL;0;NULL;0;NULL;0;NULL;0;NULL;0;NULL;0;NULL;0;xxx
5871;10659;0;0;1;1;0,038833;NULL;0;NULL;0;NULL;0;NULL;0;NULL;0;NULL;0;NULL;0;NULL;0;NULL;0;xxx
5871;10660;0;0;1;1;0,411167;NULL;0;NULL;0;NULL;0;NULL;0;NULL;0;NULL;0;NULL;0;NULL;0;NULL;0;xxx
5871;10661;0;0;1;1;0,361167;NULL;0;NULL;0;NULL;0;NULL;0;NULL;0;NULL;0;NULL;0;NULL;0;NULL;0;xxx
5871;10662;0;0;1;1;0,413833;NULL;0;NULL;0;NULL;0;NULL;0;NULL;0;NULL;0;NULL;0;NULL;0;NULL;0;xxx
26666;10658;0;0;1;1;0,041667;NULL;0;NULL;0;NULL;0;NULL;0;NULL;0;NULL;0;NULL;0;NULL;0;NULL;0;xxx
26666;10659;0;0;1;1;0,038833;NULL;0;NULL;0;NULL;0;NULL;0;NULL;0;NULL;0;NULL;0;NULL;0;NULL;0;xxx
26666;10660;0;0;1;1;0,411167;NULL;0;NULL;0;NULL;0;NULL;0;NULL;0;NULL;0;NULL;0;NULL;0;NULL;0;xxx
26666;10661;0;0;1;1;0,361167;NULL;0;NULL;0;NULL;0;NULL;0;NULL;0;NULL;0;NULL;0;NULL;0;NULL;0;xxx
26666;10662;0;0;1;1;0,413833;NULL;0;NULL;0;NULL;0;NULL;0;NULL;0;NULL;0;NULL;0;NULL;0;NULL;0;xxx
23307;10658;0;0;1;1;0,083333;NULL;0;NULL;0;NULL;0;NULL;0;NULL;0;NULL;0;NULL;0;NULL;0;NULL;0;xxx
23307;10659;0;0;1;1;0,077667;NULL;0;NULL;0;NULL;0;NULL;0;NULL;0;NULL;0;NULL;0;NULL;0;NULL;0;xxx
23307;10660;0;0;1;1;0,822333;NULL;0;NULL;0;NULL;0;NULL;0;NULL;0;NULL;0;NULL;0;NULL;0;NULL;0;xxx
23307;10661;0;0;1;1;0,722333;NULL;0;NULL;0;NULL;0;NULL;0;NULL;0;NULL;0;NULL;0;NULL;0;NULL;0;xxx
23307;10662;0;0;1;1;0,827667;NULL;0;NULL;0;NULL;0;NULL;0;NULL;0;NULL;0;NULL;0;NULL;0;NULL;0;xxx
14924;10663;0;0;1;1;0,04;NULL;0;NULL;0;NULL;0;NULL;0;NULL;0;NULL;0;NULL;0;NULL;0;NULL;0;xxx
14924;10664;0;0;1;1;0,035;NULL;0;NULL;0;NULL;0;NULL;0;NULL;0;NULL;0;NULL;0;NULL;0;NULL;0;xxx
14924;10665;0;0;1;1;0,391667;NULL;0;NULL;0;NULL;0;NULL;0;NULL;0;NULL;0;NULL;0;NULL;0;NULL;0;xxx
14925;10666;0;0;1;1;0,019167;NULL;0;NULL;0;NULL;0;NULL;0;NULL;0;NULL;0;NULL;0;NULL;0;NULL;0;xxx
14925;10667;0;0;1;1;0,034667;NULL;0;NULL;0;NULL;0;NULL;0;NULL;0;NULL;0;NULL;0;NULL;0;NULL;0;xxx
14925;10668;0;0;1;1;0,412833;NULL;0;NULL;0;NULL;0;NULL;0;NULL;0;NULL;0;NULL;0;NULL;0;NULL;0;xxx
14926;10669;0;0;1;1;0,04;NULL;0;NULL;0;NULL;0;NULL;0;NULL;0;NULL;0;NULL;0;NULL;0;NULL;0;xxx
14926;10670;0;0;1;1;0,045;NULL;0;NULL;0;NULL;0;NULL;0;NULL;0;NULL;0;NULL;0;NULL;0;NULL;0;xxx
14926;10671;0;0;1;1;0,381667;NULL;0;NULL;0;NULL;0;NULL;0;NULL;0;NULL;0;NULL;0;NULL;0;NULL;0;xxx
14927;10672;0;0;1;1;0,035;NULL;0;NULL;0;NULL;0;NULL;0;NULL;0;NULL;0;NULL;0;NULL;0;NULL;0;xxx
14927;10673;0;0;1;1;0,03;NULL;0;NULL;0;NULL;0;NULL;0;NULL;0;NULL;0;NULL;0;NULL;0;NULL;0;xxx
14927;10674;0;0;1;1;0,401667;NULL;0;NULL;0;NULL;0;NULL;0;NULL;0;NULL;0;NULL;0;NULL;0;NULL;0;xxx
14928;10675;0;0;1;1;0,0445;NULL;0;NULL;0;NULL;0;NULL;0;NULL;0;NULL;0;NULL;0;NULL;0;NULL;0;xxx
14928;10676;0;0;1;1;0,008333;NULL;0;NULL;0;NULL;0;NULL;0;NULL;0;NULL;0;NULL;0;NULL;0;NULL;0;xxx
14928;10677;0;0;1;1;0,413833;NULL;0;NULL;0;NULL;0;NULL;0;NULL;0;NULL;0;NULL;0;NULL;0;NULL;0;xxx
14929;10678;0;0;1;1;0,043667;NULL;0;NULL;0;NULL;0;NULL;0;NULL;0;NULL;0;NULL;0;NULL;0;NULL;0;xxx
14929;10679;0;0;1;1;0,0375;NULL;0;NULL;0;NULL;0;NULL;0;NULL;0;NULL;0;NULL;0;NULL;0;NULL;0;xxx
14929;10680;0;0;1;1;0,385333;NULL;0;NULL;0;NULL;0;NULL;0;NULL;0;NULL;0;NULL;0;NULL;0;NULL;0;xxx
14930;10681;0;0;1;1;0,04;NULL;0;NULL;0;NULL;0;NULL;0;NULL;0;NULL;0;NULL;0;NULL;0;NULL;0;xxx
14930;10682;0;0;1;1;0,04;NULL;0;NULL;0;NULL;0;NULL;0;NULL;0;NULL;0;NULL;0;NULL;0;NULL;0;xxx
14930;10683;0;0;1;1;0,386667;NULL;0;NULL;0;NULL;0;NULL;0;NULL;0;NULL;0;NULL;0;NULL;0;NULL;0;xxx
14931;10684;0;0;1;1;0,041667;NULL;0;NULL;0;NULL;0;NULL;0;NULL;0;NULL;0;NULL;0;NULL;0;NULL;0;xxx
14931;10685;0;0;1;1;0,041667;NULL;0;NULL;0;NULL;0;NULL;0;NULL;0;NULL;0;NULL;0;NULL;0;NULL;0;xxx
14931;10686;0;0;1;1;0,383333;NULL;0;NULL;0;NULL;0;NULL;0;NULL;0;NULL;0;NULL;0;NULL;0;NULL;0;xxx
14932;10687;0;0;1;1;0,022167;NULL;0;NULL;0;NULL;0;NULL;0;NULL;0;NULL;0;NULL;0;NULL;0;NULL;0;xxx
14932;10688;0;0;1;1;0,033333;NULL;0;NULL;0;NULL;0;NULL;0;NULL;0;NULL;0;NULL;0;NULL;0;NULL;0;xxx
14932;10689;0;0;1;1;0,411167;NULL;0;NULL;0;NULL;0;NULL;0;NULL;0;NULL;0;NULL;0;NULL;0;NULL;0;xxx
14933;10690;0;0;1;1;0,026167;NULL;0;NULL;0;NULL;0;NULL;0;NULL;0;NULL;0;NULL;0;NULL;0;NULL;0;xxx
14933;10691;0;0;1;1;0,026167;NULL;0;NULL;0;NULL;0;NULL;0;NULL;0;NULL;0;NULL;0;NULL;0;NULL;0;xxx
14933;10692;0;0;1;1;0,414333;NULL;0;NULL;0;NULL;0;NULL;0;NULL;0;NULL;0;NULL;0;NULL;0;NULL;0;xxx
14934;10693;0;0;1;1;0,014333;NULL;0;NULL;0;NULL;0;NULL;0;NULL;0;NULL;0;NULL;0;NULL;0;NULL;0;xxx
14934;10694;0;0;1;1;0,045167;NULL;0;NULL;0;NULL;0;NULL;0;NULL;0;NULL;0;NULL;0;NULL;0;NULL;0;xxx
14934;10695;0;0;1;1;0,407167;NULL;0;NULL;0;NULL;0;NULL;0;NULL;0;NULL;0;NULL;0;NULL;0;NULL;0;xxx
2126;7306;0;0;1;1;0,025;NULL;0;NULL;0;NULL;0;NULL;0;NULL;0;NULL;0;NULL;0;NULL;0;NULL;0;xxx
2126;7307;0;0;1;1;0,0375;NULL;0;NULL;0;NULL;0;NULL;0;NULL;0;NULL;0;NULL;0;NULL;0;NULL;0;xxx
2126;7308;0;0;1;1;0,0375;NULL;0;NULL;0;NULL;0;NULL;0;NULL;0;NULL;0;NULL;0;NULL;0;NULL;0;xxx
2127;7309;0;0;1;1;0,035;NULL;0;NULL;0;NULL;0;NULL;0;NULL;0;NULL;0;NULL;0;NULL;0;NULL;0;xxx
2127;7310;0;0;1;1;0,025;NULL;0;NULL;0;NULL;0;NULL;0;NULL;0;NULL;0;NULL;0;NULL;0;NULL;0;xxx
2127;7311;0;0;1;1;0,04;NULL;0;NULL;0;NULL;0;NULL;0;NULL;0;NULL;0;NULL;0;NULL;0;NULL;0;xxx
2125;7312;0;0;1;1;0,025;NULL;0;NULL;0;NULL;0;NULL;0;NULL;0;NULL;0;NULL;0;NULL;0;NULL;0;xxx
2125;7313;0;0;1;1;0,04;NULL;0;NULL;0;NULL;0;NULL;0;NULL;0;NULL;0;NULL;0;NULL;0;NULL;0;xxx
2125;7314;0;0;1;1;0,035;NULL;0;NULL;0;NULL;0;NULL;0;NULL;0;NULL;0;NULL;0;NULL;0;NULL;0;xxx
2117;7315;0;0;1;1;0,0395;NULL;0;NULL;0;NULL;0;NULL;0;NULL;0;NULL;0;NULL;0;NULL;0;NULL;0;xxx
2117;7316;0;0;1;1;0,032;NULL;0;NULL;0;NULL;0;NULL;0;NULL;0;NULL;0;NULL;0;NULL;0;NULL;0;xxx
2117;7317;0;0;1;1;0,0285;NULL;0;NULL;0;NULL;0;NULL;0;NULL;0;NULL;0;NULL;0;NULL;0;NULL;0;xxx
2000;7318;0;0;1;1;0,0365;NULL;0;NULL;0;NULL;0;NULL;0;NULL;0;NULL;0;NULL;0;NULL;0;NULL;0;xxx
2000;7319;0;0;1;1;0,0275;NULL;0;NULL;0;NULL;0;NULL;0;NULL;0;NULL;0;NULL;0;NULL;0;NULL;0;xxx
2000;7320;0;0;1;1;0,0365;NULL;0;NULL;0;NULL;0;NULL;0;NULL;0;NULL;0;NULL;0;NULL;0;NULL;0;xxx
1995;7321;0;0;1;1;0,0365;NULL;0;NULL;0;NULL;0;NULL;0;NULL;0;NULL;0;NULL;0;NULL;0;NULL;0;xxx
1995;7322;0;0;1;1;0,0365;NULL;0;NULL;0;NULL;0;NULL;0;NULL;0;NULL;0;NULL;0;NULL;0;NULL;0;xxx
1995;7323;0;0;1;1;0,0275;NULL;0;NULL;0;NULL;0;NULL;0;NULL;0;NULL;0;NULL;0;NULL;0;NULL;0;xxx
1996;7324;0;0;1;1;0,0285;NULL;0;NULL;0;NULL;0;NULL;0;NULL;0;NULL;0;NULL;0;NULL;0;NULL;0;xxx
1996;7325;0;0;1;1;0,043;NULL;0;NULL;0;NULL;0;NULL;0;NULL;0;NULL;0;NULL;0;NULL;0;NULL;0;xxx
1996;7326;0;0;1;1;0,0285;NULL;0;NULL;0;NULL;0;NULL;0;NULL;0;NULL;0;NULL;0;NULL;0;NULL;0;xxx
2118;7327;0;0;1;1;0,0375;NULL;0;NULL;0;NULL;0;NULL;0;NULL;0;NULL;0;NULL;0;NULL;0;NULL;0;xxx
2118;7328;0;0;1;1;0,0375;NULL;0;NULL;0;NULL;0;NULL;0;NULL;0;NULL;0;NULL;0;NULL;0;NULL;0;xxx
2118;7329;0;0;1;1;0,025;NULL;0;NULL;0;NULL;0;NULL;0;NULL;0;NULL;0;NULL;0;NULL;0;NULL;0;xxx
2002;7330;0;0;1;1;0,325;NULL;0;NULL;0;NULL;0;NULL;0;NULL;0;NULL;0;NULL;0;NULL;0;NULL;0;xxx
2002;7331;0;0;1;1;0,3625;NULL;0;NULL;0;NULL;0;NULL;0;NULL;0;NULL;0;NULL;0;NULL;0;NULL;0;xxx
14942;10719;0;0;1;1;0,043667;NULL;0;NULL;0;NULL;0;NULL;0;NULL;0;NULL;0;NULL;0;NULL;0;NULL;0;xxx
14942;10720;0;0;1;1;0,021833;NULL;0;NULL;0;NULL;0;NULL;0;NULL;0;NULL;0;NULL;0;NULL;0;NULL;0;xxx
14942;10721;0;0;1;1;0,034333;NULL;0;NULL;0;NULL;0;NULL;0;NULL;0;NULL;0;NULL;0;NULL;0;NULL;0;xxx
14943;10722;0;0;1;1;0,044167;NULL;0;NULL;0;NULL;0;NULL;0;NULL;0;NULL;0;NULL;0;NULL;0;NULL;0;xxx
14943;10723;0;0;1;1;0,008833;NULL;0;NULL;0;NULL;0;NULL;0;NULL;0;NULL;0;NULL;0;NULL;0;NULL;0;xxx
14943;10724;0;0;1;1;0,047;NULL;0;NULL;0;NULL;0;NULL;0;NULL;0;NULL;0;NULL;0;NULL;0;NULL;0;xxx
14944;10725;0;0;1;1;0,046833;NULL;0;NULL;0;NULL;0;NULL;0;NULL;0;NULL;0;NULL;0;NULL;0;NULL;0;xxx
14944;10726;0;0;1;1;0,043667;NULL;0;NULL;0;NULL;0;NULL;0;NULL;0;NULL;0;NULL;0;NULL;0;NULL;0;xxx
14944;10727;0;0;1;1;0,009333;NULL;0;NULL;0;NULL;0;NULL;0;NULL;0;NULL;0;NULL;0;NULL;0;NULL;0;xxx
14945;10728;0;0;1;1;0,035667;NULL;0;NULL;0;NULL;0;NULL;0;NULL;0;NULL;0;NULL;0;NULL;0;NULL;0;xxx
14945;10729;0;0;1;1;0,042833;NULL;0;NULL;0;NULL;0;NULL;0;NULL;0;NULL;0;NULL;0;NULL;0;NULL;0;xxx
14945;10730;0;0;1;1;0,0215;NULL;0;NULL;0;NULL;0;NULL;0;NULL;0;NULL;0;NULL;0;NULL;0;NULL;0;xxx
14946;10731;0;0;1;1;0,035667;NULL;0;NULL;0;NULL;0;NULL;0;NULL;0;NULL;0;NULL;0;NULL;0;NULL;0;xxx
14946;10732;0;0;1;1;0,042833;NULL;0;NULL;0;NULL;0;NULL;0;NULL;0;NULL;0;NULL;0;NULL;0;NULL;0;xxx
14946;10733;0;0;1;1;0,0215;NULL;0;NULL;0;NULL;0;NULL;0;NULL;0;NULL;0;NULL;0;NULL;0;NULL;0;xxx
14947;10734;0;0;1;1;0,035667;NULL;0;NULL;0;NULL;0;NULL;0;NULL;0;NULL;0;NULL;0;NULL;0;NULL;0;xxx
14947;10735;0;0;1;1;0,042833;NULL;0;NULL;0;NULL;0;NULL;0;NULL;0;NULL;0;NULL;0;NULL;0;NULL;0;xxx
14947;10736;0;0;1;1;0,0215;NULL;0;NULL;0;NULL;0;NULL;0;NULL;0;NULL;0;NULL;0;NULL;0;NULL;0;xxx
14948;10737;0;0;1;1;0,035667;NULL;0;NULL;0;NULL;0;NULL;0;NULL;0;NULL;0;NULL;0;NULL;0;NULL;0;xxx
14948;10738;0;0;1;1;0,042833;NULL;0;NULL;0;NULL;0;NULL;0;NULL;0;NULL;0;NULL;0;NULL;0;NULL;0;xxx
14948;10739;0;0;1;1;0,0215;NULL;0;NULL;0;NULL;0;NULL;0;NULL;0;NULL;0;NULL;0;NULL;0;NULL;0;xxx
14949;23279;0;0;1;1;0,0385;NULL;0;NULL;0;NULL;0;NULL;0;NULL;0;NULL;0;NULL;0;NULL;0;NULL;0;xxx
14949;23280;0;0;1;1;0,027;NULL;0;NULL;0;NULL;0;NULL;0;NULL;0;NULL;0;NULL;0;NULL;0;NULL;0;xxx
14949;23281;0;0;1;1;0,0345;NULL;0;NULL;0;NULL;0;NULL;0;NULL;0;NULL;0;NULL;0;NULL;0;NULL;0;xxx
14950;10743;0;0;1;1;0,025;NULL;0;NULL;0;NULL;0;NULL;0;NULL;0;NULL;0;NULL;0;NULL;0;NULL;0;xxx
14950;10744;0;0;1;1;0,0335;NULL;0;NULL;0;NULL;0;NULL;0;NULL;0;NULL;0;NULL;0;NULL;0;NULL;0;xxx
14950;10745;0;0;1;1;0,0415;NULL;0;NULL;0;NULL;0;NULL;0;NULL;0;NULL;0;NULL;0;NULL;0;NULL;0;xxx
14951;10746;0;0;1;1;0,0335;NULL;0;NULL;0;NULL;0;NULL;0;NULL;0;NULL;0;NULL;0;NULL;0;NULL;0;xxx
14951;10747;0;0;1;1;0,039;NULL;0;NULL;0;NULL;0;NULL;0;NULL;0;NULL;0;NULL;0;NULL;0;NULL;0;xxx
14951;10748;0;0;1;1;0,028;NULL;0;NULL;0;NULL;0;NULL;0;NULL;0;NULL;0;NULL;0;NULL;0;NULL;0;xxx
14952;10749;0;0;1;1;0,022;NULL;0;NULL;0;NULL;0;NULL;0;NULL;0;NULL;0;NULL;0;NULL;0;NULL;0;xxx
14952;10750;0;0;1;1;0,0445;NULL;0;NULL;0;NULL;0;NULL;0;NULL;0;NULL;0;NULL;0;NULL;0;NULL;0;xxx
14952;10751;0;0;1;1;0,0335;NULL;0;NULL;0;NULL;0;NULL;0;NULL;0;NULL;0;NULL;0;NULL;0;NULL;0;xxx
14953;10752;0;0;1;1;0,028;NULL;0;NULL;0;NULL;0;NULL;0;NULL;0;NULL;0;NULL;0;NULL;0;NULL;0;xxx
14953;10753;0;0;1;1;0,039;NULL;0;NULL;0;NULL;0;NULL;0;NULL;0;NULL;0;NULL;0;NULL;0;NULL;0;xxx
14953;10754;0;0;1;1;0,0335;NULL;0;NULL;0;NULL;0;NULL;0;NULL;0;NULL;0;NULL;0;NULL;0;NULL;0;xxx
14954;10755;0;0;1;1;0,027;NULL;0;NULL;0;NULL;0;NULL;0;NULL;0;NULL;0;NULL;0;NULL;0;NULL;0;xxx
14954;10756;0;0;1;1;0,046;NULL;0;NULL;0;NULL;0;NULL;0;NULL;0;NULL;0;NULL;0;NULL;0;NULL;0;xxx
14954;10757;0;0;1;1;0,027;NULL;0;NULL;0;NULL;0;NULL;0;NULL;0;NULL;0;NULL;0;NULL;0;NULL;0;xxx
14955;10758;0;0;1;1;0,0335;NULL;0;NULL;0;NULL;0;NULL;0;NULL;0;NULL;0;NULL;0;NULL;0;NULL;0;xxx
14955;10759;0;0;1;1;0,0375;NULL;0;NULL;0;NULL;0;NULL;0;NULL;0;NULL;0;NULL;0;NULL;0;NULL;0;xxx
14955;10760;0;0;1;1;0,029;NULL;0;NULL;0;NULL;0;NULL;0;NULL;0;NULL;0;NULL;0;NULL;0;NULL;0;xxx
14956;10761;0;0;1;1;0,027;NULL;0;NULL;0;NULL;0;NULL;0;NULL;0;NULL;0;NULL;0;NULL;0;NULL;0;xxx
14956;10762;0;0;1;1;0,0345;NULL;0;NULL;0;NULL;0;NULL;0;NULL;0;NULL;0;NULL;0;NULL;0;NULL;0;xxx
14956;10763;0;0;1;1;0,0385;NULL;0;NULL;0;NULL;0;NULL;0;NULL;0;NULL;0;NULL;0;NULL;0;NULL;0;xxx
14957;10764;0;0;1;1;0,046;NULL;0;NULL;0;NULL;0;NULL;0;NULL;0;NULL;0;NULL;0;NULL;0;NULL;0;xxx
14957;10765;0;0;1;1;0,029;NULL;0;NULL;0;NULL;0;NULL;0;NULL;0;NULL;0;NULL;0;NULL;0;NULL;0;xxx
14957;10766;0;0;1;1;0,025;NULL;0;NULL;0;NULL;0;NULL;0;NULL;0;NULL;0;NULL;0;NULL;0;NULL;0;xxx
14958;10767;0;0;1;1;0,015;NULL;0;NULL;0;NULL;0;NULL;0;NULL;0;NULL;0;NULL;0;NULL;0;NULL;0;xxx
14958;10768;0;0;1;1;0,04;NULL;0;NULL;0;NULL;0;NULL;0;NULL;0;NULL;0;NULL;0;NULL;0;NULL;0;xxx
14958;10769;0;0;1;1;0,045;NULL;0;NULL;0;NULL;0;NULL;0;NULL;0;NULL;0;NULL;0;NULL;0;NULL;0;xxx
14959;10770;0;0;1;1;0,0375;NULL;0;NULL;0;NULL;0;NULL;0;NULL;0;NULL;0;NULL;0;NULL;0;NULL;0;xxx
14959;10771;0;0;1;1;0,0335;NULL;0;NULL;0;NULL;0;NULL;0;NULL;0;NULL;0;NULL;0;NULL;0;NULL;0;xxx
14959;10772;0;0;1;1;0,029;NULL;0;NULL;0;NULL;0;NULL;0;NULL;0;NULL;0;NULL;0;NULL;0;NULL;0;xxx
7561;7414;0;0;1;1;0,379167;NULL;0;NULL;0;NULL;0;NULL;0;NULL;0;NULL;0;NULL;0;NULL;0;NULL;0;xxx
7561;7415;0;0;1;1;0,379167;NULL;0;NULL;0;NULL;0;NULL;0;NULL;0;NULL;0;NULL;0;NULL;0;NULL;0;xxx
7561;7416;0;0;1;1;0,304167;NULL;0;NULL;0;NULL;0;NULL;0;NULL;0;NULL;0;NULL;0;NULL;0;NULL;0;xxx
7561;7417;0;0;1;1;0,304167;NULL;0;NULL;0;NULL;0;NULL;0;NULL;0;NULL;0;NULL;0;NULL;0;NULL;0;xxx
7562;7413;0;0;1;1;0,304167;NULL;0;NULL;0;NULL;0;NULL;0;NULL;0;NULL;0;NULL;0;NULL;0;NULL;0;xxx
7562;7414;0;0;1;1;0,379167;NULL;0;NULL;0;NULL;0;NULL;0;NULL;0;NULL;0;NULL;0;NULL;0;NULL;0;xxx
7562;7415;0;0;1;1;0,379167;NULL;0;NULL;0;NULL;0;NULL;0;NULL;0;NULL;0;NULL;0;NULL;0;NULL;0;xxx
7562;7416;0;0;1;1;0,304167;NULL;0;NULL;0;NULL;0;NULL;0;NULL;0;NULL;0;NULL;0;NULL;0;NULL;0;xxx
7562;7417;0;0;1;1;0,304167;NULL;0;NULL;0;NULL;0;NULL;0;NULL;0;NULL;0;NULL;0;NULL;0;NULL;0;xxx
3863;7418;0;0;1;1;0,0375;NULL;0;NULL;0;NULL;0;NULL;0;NULL;0;NULL;0;NULL;0;NULL;0;NULL;0;xxx
3863;7419;0;0;1;1;0,0375;NULL;0;NULL;0;NULL;0;NULL;0;NULL;0;NULL;0;NULL;0;NULL;0;NULL;0;xxx
3863;7420;0;0;1;1;0,025;NULL;0;NULL;0;NULL;0;NULL;0;NULL;0;NULL;0;NULL;0;NULL;0;NULL;0;xxx
3864;7421;0;0;1;1;0,0285;NULL;0;NULL;0;NULL;0;NULL;0;NULL;0;NULL;0;NULL;0;NULL;0;NULL;0;xxx
3864;7422;0;0;1;1;0,043;NULL;0;NULL;0;NULL;0;NULL;0;NULL;0;NULL;0;NULL;0;NULL;0;NULL;0;xxx
3864;7423;0;0;1;1;0,0285;NULL;0;NULL;0;NULL;0;NULL;0;NULL;0;NULL;0;NULL;0;NULL;0;NULL;0;xxx
3865;7424;0;0;1;1;0,025;NULL;0;NULL;0;NULL;0;NULL;0;NULL;0;NULL;0;NULL;0;NULL;0;NULL;0;xxx
3865;7425;0;0;1;1;0,0335;NULL;0;NULL;0;NULL;0;NULL;0;NULL;0;NULL;0;NULL;0;NULL;0;NULL;0;xxx
3865;7426;0;0;1;1;0,0415;NULL;0;NULL;0;NULL;0;NULL;0;NULL;0;NULL;0;NULL;0;NULL;0;NULL;0;xxx
3866;7427;0;0;1;1;0,028;NULL;0;NULL;0;NULL;0;NULL;0;NULL;0;NULL;0;NULL;0;NULL;0;NULL;0;xxx
3866;7428;0;0;1;1;0,039;NULL;0;NULL;0;NULL;0;NULL;0;NULL;0;NULL;0;NULL;0;NULL;0;NULL;0;xxx
3866;7429;0;0;1;1;0,0335;NULL;0;NULL;0;NULL;0;NULL;0;NULL;0;NULL;0;NULL;0;NULL;0;NULL;0;xxx
3867;7430;0;0;1;1;0,0335;NULL;0;NULL;0;NULL;0;NULL;0;NULL;0;NULL;0;NULL;0;NULL;0;NULL;0;xxx
3867;7431;0;0;1;1;0,0415;NULL;0;NULL;0;NULL;0;NULL;0;NULL;0;NULL;0;NULL;0;NULL;0;NULL;0;xxx
3867;7432;0;0;1;1;0,025;NULL;0;NULL;0;NULL;0;NULL;0;NULL;0;NULL;0;NULL;0;NULL;0;NULL;0;xxx
3868;7433;0;0;1;1;0,02;NULL;0;NULL;0;NULL;0;NULL;0;NULL;0;NULL;0;NULL;0;NULL;0;NULL;0;xxx
3868;7434;0;0;1;1;0,04;NULL;0;NULL;0;NULL;0;NULL;0;NULL;0;NULL;0;NULL;0;NULL;0;NULL;0;xxx
3868;7435;0;0;1;1;0,04;NULL;0;NULL;0;NULL;0;NULL;0;NULL;0;NULL;0;NULL;0;NULL;0;NULL;0;xxx
3869;7436;0;0;1;1;0,02;NULL;0;NULL;0;NULL;0;NULL;0;NULL;0;NULL;0;NULL;0;NULL;0;NULL;0;xxx
3869;7437;0;0;1;1;0,04;NULL;0;NULL;0;NULL;0;NULL;0;NULL;0;NULL;0;NULL;0;NULL;0;NULL;0;xxx
3869;7438;0;0;1;1;0,04;NULL;0;NULL;0;NULL;0;NULL;0;NULL;0;NULL;0;NULL;0;NULL;0;NULL;0;xxx
3870;7439;0;0;1;1;0,0335;NULL;0;NULL;0;NULL;0;NULL;0;NULL;0;NULL;0;NULL;0;NULL;0;NULL;0;xxx
3870;7440;0;0;1;1;0,0415;NULL;0;NULL;0;NULL;0;NULL;0;NULL;0;NULL;0;NULL;0;NULL;0;NULL;0;xxx
3870;7441;0;0;1;1;0,025;NULL;0;NULL;0;NULL;0;NULL;0;NULL;0;NULL;0;NULL;0;NULL;0;NULL;0;xxx
3871;7442;0;0;1;1;0,0415;NULL;0;NULL;0;NULL;0;NULL;0;NULL;0;NULL;0;NULL;0;NULL;0;NULL;0;xxx
3871;7443;0;0;1;1;0,025;NULL;0;NULL;0;NULL;0;NULL;0;NULL;0;NULL;0;NULL;0;NULL;0;NULL;0;xxx
3871;7444;0;0;1;1;0,0335;NULL;0;NULL;0;NULL;0;NULL;0;NULL;0;NULL;0;NULL;0;NULL;0;NULL;0;xxx
14991;10860;0;0;1;1;0,0425;NULL;0;NULL;0;NULL;0;NULL;0;NULL;0;NULL;0;NULL;0;NULL;0;NULL;0;xxx
14991;10861;0;0;1;1;0,023;NULL;0;NULL;0;NULL;0;NULL;0;NULL;0;NULL;0;NULL;0;NULL;0;NULL;0;xxx
14991;10862;0;0;1;1;0,0345;NULL;0;NULL;0;NULL;0;NULL;0;NULL;0;NULL;0;NULL;0;NULL;0;NULL;0;xxx
14992;10863;0;0;1;1;0,041;NULL;0;NULL;0;NULL;0;NULL;0;NULL;0;NULL;0;NULL;0;NULL;0;NULL;0;xxx
14992;10864;0;0;1;1;0,0275;NULL;0;NULL;0;NULL;0;NULL;0;NULL;0;NULL;0;NULL;0;NULL;0;NULL;0;xxx
14992;10865;0;0;1;1;0,032;NULL;0;NULL;0;NULL;0;NULL;0;NULL;0;NULL;0;NULL;0;NULL;0;NULL;0;xxx
14993;10866;0;0;1;1;0,0295;NULL;0;NULL;0;NULL;0;NULL;0;NULL;0;NULL;0;NULL;0;NULL;0;NULL;0;xxx
14993;10867;0;0;1;1;0,0265;NULL;0;NULL;0;NULL;0;NULL;0;NULL;0;NULL;0;NULL;0;NULL;0;NULL;0;xxx
14993;10868;0;0;1;1;0,044;NULL;0;NULL;0;NULL;0;NULL;0;NULL;0;NULL;0;NULL;0;NULL;0;NULL;0;xxx
14994;10869;0;0;1;1;0,037;NULL;0;NULL;0;NULL;0;NULL;0;NULL;0;NULL;0;NULL;0;NULL;0;NULL;0;xxx
14994;10870;0;0;1;1;0,034;NULL;0;NULL;0;NULL;0;NULL;0;NULL;0;NULL;0;NULL;0;NULL;0;NULL;0;xxx
14994;10871;0;0;1;1;0,029;NULL;0;NULL;0;NULL;0;NULL;0;NULL;0;NULL;0;NULL;0;NULL;0;NULL;0;xxx
14995;10872;0;0;1;1;0,0275;NULL;0;NULL;0;NULL;0;NULL;0;NULL;0;NULL;0;NULL;0;NULL;0;NULL;0;xxx
14995;10873;0;0;1;1;0,0375;NULL;0;NULL;0;NULL;0;NULL;0;NULL;0;NULL;0;NULL;0;NULL;0;NULL;0;xxx
14995;10874;0;0;1;1;0,035;NULL;0;NULL;0;NULL;0;NULL;0;NULL;0;NULL;0;NULL;0;NULL;0;NULL;0;xxx
26668;10872;0;0;1;1;0,0275;NULL;0;NULL;0;NULL;0;NULL;0;NULL;0;NULL;0;NULL;0;NULL;0;NULL;0;xxx
26668;10873;0;0;1;1;0,0375;NULL;0;NULL;0;NULL;0;NULL;0;NULL;0;NULL;0;NULL;0;NULL;0;NULL;0;xxx
26668;10874;0;0;1;1;0,035;NULL;0;NULL;0;NULL;0;NULL;0;NULL;0;NULL;0;NULL;0;NULL;0;NULL;0;xxx
24261;10872;0;0;1;1;0,0275;NULL;0;NULL;0;NULL;0;NULL;0;NULL;0;NULL;0;NULL;0;NULL;0;NULL;0;xxx
24261;10873;0;0;1;1;0,0375;NULL;0;NULL;0;NULL;0;NULL;0;NULL;0;NULL;0;NULL;0;NULL;0;NULL;0;xxx
24261;10874;0;0;1;1;0,035;NULL;0;NULL;0;NULL;0;NULL;0;NULL;0;NULL;0;NULL;0;NULL;0;NULL;0;xxx
14996;10875;0;0;1;1;0,270833;NULL;0;NULL;0;NULL;0;NULL;0;NULL;0;NULL;0;NULL;0;NULL;0;NULL;0;xxx
14996;10876;0;0;1;1;0,3125;NULL;0;NULL;0;NULL;0;NULL;0;NULL;0;NULL;0;NULL;0;NULL;0;NULL;0;xxx
14996;10877;0;0;1;1;0,333333;NULL;0;NULL;0;NULL;0;NULL;0;NULL;0;NULL;0;NULL;0;NULL;0;NULL;0;xxx
14996;10878;0;0;1;1;0,354167;NULL;0;NULL;0;NULL;0;NULL;0;NULL;0;NULL;0;NULL;0;NULL;0;NULL;0;xxx
14996;10879;0;0;1;1;0,395833;NULL;0;NULL;0;NULL;0;NULL;0;NULL;0;NULL;0;NULL;0;NULL;0;NULL;0;xxx
14997;10880;0;0;1;1;0,341667;NULL;0;NULL;0;NULL;0;NULL;0;NULL;0;NULL;0;NULL;0;NULL;0;NULL;0;xxx
14997;10881;0;0;1;1;0,304167;NULL;0;NULL;0;NULL;0;NULL;0;NULL;0;NULL;0;NULL;0;NULL;0;NULL;0;xxx
14997;10882;0;0;1;1;0,341667;NULL;0;NULL;0;NULL;0;NULL;0;NULL;0;NULL;0;NULL;0;NULL;0;NULL;0;xxx
14997;10883;0;0;1;1;0,358333;NULL;0;NULL;0;NULL;0;NULL;0;NULL;0;NULL;0;NULL;0;NULL;0;NULL;0;xxx
14997;10884;0;0;1;1;0,320833;NULL;0;NULL;0;NULL;0;NULL;0;NULL;0;NULL;0;NULL;0;NULL;0;NULL;0;xxx
38148;25091;0;0;1;1;0,0375;NULL;0;NULL;0;NULL;0;NULL;0;NULL;0;NULL;0;NULL;0;NULL;0;NULL;0;xxx
38148;25092;0;0;1;1;0,0375;NULL;0;NULL;0;NULL;0;NULL;0;NULL;0;NULL;0;NULL;0;NULL;0;NULL;0;xxx
38149;25093;0;0;1;1;0,0375;NULL;0;NULL;0;NULL;0;NULL;0;NULL;0;NULL;0;NULL;0;NULL;0;NULL;0;xxx
38149;25094;0;0;1;1;0,0375;NULL;0;NULL;0;NULL;0;NULL;0;NULL;0;NULL;0;NULL;0;NULL;0;NULL;0;xxx
38150;25095;0;0;1;1;0,0375;NULL;0;NULL;0;NULL;0;NULL;0;NULL;0;NULL;0;NULL;0;NULL;0;NULL;0;xxx
38150;25096;0;0;1;1;0,0375;NULL;0;NULL;0;NULL;0;NULL;0;NULL;0;NULL;0;NULL;0;NULL;0;NULL;0;xxx
38151;25097;0;0;1;1;0,0375;NULL;0;NULL;0;NULL;0;NULL;0;NULL;0;NULL;0;NULL;0;NULL;0;NULL;0;xxx
38151;25098;0;0;1;1;0,0375;NULL;0;NULL;0;NULL;0;NULL;0;NULL;0;NULL;0;NULL;0;NULL;0;NULL;0;xxx
38152;25099;0;0;1;1;0,0375;NULL;0;NULL;0;NULL;0;NULL;0;NULL;0;NULL;0;NULL;0;NULL;0;NULL;0;xxx
38152;25100;0;0;1;1;0,0375;NULL;0;NULL;0;NULL;0;NULL;0;NULL;0;NULL;0;NULL;0;NULL;0;NULL;0;xxx
38153;25101;0;0;1;1;0,0375;NULL;0;NULL;0;NULL;0;NULL;0;NULL;0;NULL;0;NULL;0;NULL;0;NULL;0;xxx
38153;25102;0;0;1;1;0,0375;NULL;0;NULL;0;NULL;0;NULL;0;NULL;0;NULL;0;NULL;0;NULL;0;NULL;0;xxx
38154;25103;0;0;1;1;0,0375;NULL;0;NULL;0;NULL;0;NULL;0;NULL;0;NULL;0;NULL;0;NULL;0;NULL;0;xxx
38154;25104;0;0;1;1;0,0375;NULL;0;NULL;0;NULL;0;NULL;0;NULL;0;NULL;0;NULL;0;NULL;0;NULL;0;xxx
38155;25105;0;0;1;1;0,0375;NULL;0;NULL;0;NULL;0;NULL;0;NULL;0;NULL;0;NULL;0;NULL;0;NULL;0;xxx
38155;25106;0;0;1;1;0,0375;NULL;0;NULL;0;NULL;0;NULL;0;NULL;0;NULL;0;NULL;0;NULL;0;NULL;0;xxx
38156;25107;0;0;1;1;0,0375;NULL;0;NULL;0;NULL;0;NULL;0;NULL;0;NULL;0;NULL;0;NULL;0;NULL;0;xxx
38156;25108;0;0;1;1;0,0375;NULL;0;NULL;0;NULL;0;NULL;0;NULL;0;NULL;0;NULL;0;NULL;0;NULL;0;xxx
38157;25109;0;0;1;1;0,0375;NULL;0;NULL;0;NULL;0;NULL;0;NULL;0;NULL;0;NULL;0;NULL;0;NULL;0;xxx
38157;25110;0;0;1;1;0,0375;NULL;0;NULL;0;NULL;0;NULL;0;NULL;0;NULL;0;NULL;0;NULL;0;NULL;0;xxx
38158;25109;0;0;1;1;0,0375;NULL;0;NULL;0;NULL;0;NULL;0;NULL;0;NULL;0;NULL;0;NULL;0;NULL;0;xxx
38158;25110;0;0;1;1;0,0375;NULL;0;NULL;0;NULL;0;NULL;0;NULL;0;NULL;0;NULL;0;NULL;0;NULL;0;xxx
38159;25109;0;0;1;1;0,0375;NULL;0;NULL;0;NULL;0;NULL;0;NULL;0;NULL;0;NULL;0;NULL;0;NULL;0;xxx
38159;25110;0;0;1;1;0,0375;NULL;0;NULL;0;NULL;0;NULL;0;NULL;0;NULL;0;NULL;0;NULL;0;NULL;0;xxx
38160;25111;0;0;1;1;0,0375;NULL;0;NULL;0;NULL;0;NULL;0;NULL;0;NULL;0;NULL;0;NULL;0;NULL;0;xxx
38160;25112;0;0;1;1;0,0375;NULL;0;NULL;0;NULL;0;NULL;0;NULL;0;NULL;0;NULL;0;NULL;0;NULL;0;xxx
38161;25111;0;0;1;1;0,0375;NULL;0;NULL;0;NULL;0;NULL;0;NULL;0;NULL;0;NULL;0;NULL;0;NULL;0;xxx
38161;25112;0;0;1;1;0,0375;NULL;0;NULL;0;NULL;0;NULL;0;NULL;0;NULL;0;NULL;0;NULL;0;NULL;0;xxx
38162;25111;0;0;1;1;0,0375;NULL;0;NULL;0;NULL;0;NULL;0;NULL;0;NULL;0;NULL;0;NULL;0;NULL;0;xxx
38162;25112;0;0;1;1;0,0375;NULL;0;NULL;0;NULL;0;NULL;0;NULL;0;NULL;0;NULL;0;NULL;0;NULL;0;xxx
38163;25113;0;0;1;1;0,0375;NULL;0;NULL;0;NULL;0;NULL;0;NULL;0;NULL;0;NULL;0;NULL;0;NULL;0;xxx
38163;25114;0;0;1;1;0,0375;NULL;0;NULL;0;NULL;0;NULL;0;NULL;0;NULL;0;NULL;0;NULL;0;NULL;0;xxx
38164;25115;0;0;1;1;0,0375;NULL;0;NULL;0;NULL;0;NULL;0;NULL;0;NULL;0;NULL;0;NULL;0;NULL;0;xxx
38164;25116;0;0;1;1;0,0375;NULL;0;NULL;0;NULL;0;NULL;0;NULL;0;NULL;0;NULL;0;NULL;0;NULL;0;xxx
38165;25117;0;0;1;1;0,0375;NULL;0;NULL;0;NULL;0;NULL;0;NULL;0;NULL;0;NULL;0;NULL;0;NULL;0;xxx
38165;25118;0;0;1;1;0,0375;NULL;0;NULL;0;NULL;0;NULL;0;NULL;0;NULL;0;NULL;0;NULL;0;NULL;0;xxx
38166;25117;0;0;1;1;0,0375;NULL;0;NULL;0;NULL;0;NULL;0;NULL;0;NULL;0;NULL;0;NULL;0;NULL;0;xxx
38166;25118;0;0;1;1;0,0375;NULL;0;NULL;0;NULL;0;NULL;0;NULL;0;NULL;0;NULL;0;NULL;0;NULL;0;xxx
38167;25117;0;0;1;1;0,0375;NULL;0;NULL;0;NULL;0;NULL;0;NULL;0;NULL;0;NULL;0;NULL;0;NULL;0;xxx
38167;25118;0;0;1;1;0,0375;NULL;0;NULL;0;NULL;0;NULL;0;NULL;0;NULL;0;NULL;0;NULL;0;NULL;0;xxx
38168;25119;0;0;1;1;0,0375;NULL;0;NULL;0;NULL;0;NULL;0;NULL;0;NULL;0;NULL;0;NULL;0;NULL;0;xxx
38168;25120;0;0;1;1;0,0375;NULL;0;NULL;0;NULL;0;NULL;0;NULL;0;NULL;0;NULL;0;NULL;0;NULL;0;xxx
38169;25121;0;0;1;1;0,0375;NULL;0;NULL;0;NULL;0;NULL;0;NULL;0;NULL;0;NULL;0;NULL;0;NULL;0;xxx
38169;25122;0;0;1;1;0,0375;NULL;0;NULL;0;NULL;0;NULL;0;NULL;0;NULL;0;NULL;0;NULL;0;NULL;0;xxx
38170;25121;0;0;1;1;0,0375;NULL;0;NULL;0;NULL;0;NULL;0;NULL;0;NULL;0;NULL;0;NULL;0;NULL;0;xxx
38170;25122;0;0;1;1;0,0375;NULL;0;NULL;0;NULL;0;NULL;0;NULL;0;NULL;0;NULL;0;NULL;0;NULL;0;xxx
38171;25121;0;0;1;1;0,0375;NULL;0;NULL;0;NULL;0;NULL;0;NULL;0;NULL;0;NULL;0;NULL;0;NULL;0;xxx
38171;25122;0;0;1;1;0,0375;NULL;0;NULL;0;NULL;0;NULL;0;NULL;0;NULL;0;NULL;0;NULL;0;NULL;0;xxx
38172;25123;0;0;1;1;0,0375;NULL;0;NULL;0;NULL;0;NULL;0;NULL;0;NULL;0;NULL;0;NULL;0;NULL;0;xxx
38172;25124;0;0;1;1;0,0375;NULL;0;NULL;0;NULL;0;NULL;0;NULL;0;NULL;0;NULL;0;NULL;0;NULL;0;xxx
38173;25123;0;0;1;1;0,0375;NULL;0;NULL;0;NULL;0;NULL;0;NULL;0;NULL;0;NULL;0;NULL;0;NULL;0;xxx
38173;25124;0;0;1;1;0,0375;NULL;0;NULL;0;NULL;0;NULL;0;NULL;0;NULL;0;NULL;0;NULL;0;NULL;0;xxx
38174;25123;0;0;1;1;0,0375;NULL;0;NULL;0;NULL;0;NULL;0;NULL;0;NULL;0;NULL;0;NULL;0;NULL;0;xxx
38174;25124;0;0;1;1;0,0375;NULL;0;NULL;0;NULL;0;NULL;0;NULL;0;NULL;0;NULL;0;NULL;0;NULL;0;xxx
38175;25125;0;0;1;1;0,0375;NULL;0;NULL;0;NULL;0;NULL;0;NULL;0;NULL;0;NULL;0;NULL;0;NULL;0;xxx
38175;25126;0;0;1;1;0,0375;NULL;0;NULL;0;NULL;0;NULL;0;NULL;0;NULL;0;NULL;0;NULL;0;NULL;0;xxx
38176;25125;0;0;1;1;0,0375;NULL;0;NULL;0;NULL;0;NULL;0;NULL;0;NULL;0;NULL;0;NULL;0;NULL;0;xxx
38176;25126;0;0;1;1;0,0375;NULL;0;NULL;0;NULL;0;NULL;0;NULL;0;NULL;0;NULL;0;NULL;0;NULL;0;xxx
38177;25125;0;0;1;1;0,0375;NULL;0;NULL;0;NULL;0;NULL;0;NULL;0;NULL;0;NULL;0;NULL;0;NULL;0;xxx
38177;25126;0;0;1;1;0,0375;NULL;0;NULL;0;NULL;0;NULL;0;NULL;0;NULL;0;NULL;0;NULL;0;NULL;0;xxx
38178;25127;0;0;1;1;0,0375;NULL;0;NULL;0;NULL;0;NULL;0;NULL;0;NULL;0;NULL;0;NULL;0;NULL;0;xxx
38178;25128;0;0;1;1;0,0375;NULL;0;NULL;0;NULL;0;NULL;0;NULL;0;NULL;0;NULL;0;NULL;0;NULL;0;xxx
38179;25127;0;0;1;1;0,0375;NULL;0;NULL;0;NULL;0;NULL;0;NULL;0;NULL;0;NULL;0;NULL;0;NULL;0;xxx
38179;25128;0;0;1;1;0,0375;NULL;0;NULL;0;NULL;0;NULL;0;NULL;0;NULL;0;NULL;0;NULL;0;NULL;0;xxx
38180;25127;0;0;1;1;0,0375;NULL;0;NULL;0;NULL;0;NULL;0;NULL;0;NULL;0;NULL;0;NULL;0;NULL;0;xxx
38180;25128;0;0;1;1;0,0375;NULL;0;NULL;0;NULL;0;NULL;0;NULL;0;NULL;0;NULL;0;NULL;0;NULL;0;xxx
38181;25129;0;0;1;1;0,0375;NULL;0;NULL;0;NULL;0;NULL;0;NULL;0;NULL;0;NULL;0;NULL;0;NULL;0;xxx
38181;25130;0;0;1;1;0,0375;NULL;0;NULL;0;NULL;0;NULL;0;NULL;0;NULL;0;NULL;0;NULL;0;NULL;0;xxx
38182;25131;0;0;1;1;0,0375;NULL;0;NULL;0;NULL;0;NULL;0;NULL;0;NULL;0;NULL;0;NULL;0;NULL;0;xxx
38182;25132;0;0;1;1;0,0375;NULL;0;NULL;0;NULL;0;NULL;0;NULL;0;NULL;0;NULL;0;NULL;0;NULL;0;xxx
38183;25133;0;0;1;1;0,0375;NULL;0;NULL;0;NULL;0;NULL;0;NULL;0;NULL;0;NULL;0;NULL;0;NULL;0;xxx
38183;25134;0;0;1;1;0,0375;NULL;0;NULL;0;NULL;0;NULL;0;NULL;0;NULL;0;NULL;0;NULL;0;NULL;0;xxx
38184;25135;0;0;1;1;0,0375;NULL;0;NULL;0;NULL;0;NULL;0;NULL;0;NULL;0;NULL;0;NULL;0;NULL;0;xxx
38184;25136;0;0;1;1;0,0375;NULL;0;NULL;0;NULL;0;NULL;0;NULL;0;NULL;0;NULL;0;NULL;0;NULL;0;xxx
38185;25137;0;0;1;1;0,0375;NULL;0;NULL;0;NULL;0;NULL;0;NULL;0;NULL;0;NULL;0;NULL;0;NULL;0;xxx
38185;25138;0;0;1;1;0,0375;NULL;0;NULL;0;NULL;0;NULL;0;NULL;0;NULL;0;NULL;0;NULL;0;NULL;0;xxx
38186;25137;0;0;1;1;0,0375;NULL;0;NULL;0;NULL;0;NULL;0;NULL;0;NULL;0;NULL;0;NULL;0;NULL;0;xxx
38186;25138;0;0;1;1;0,0375;NULL;0;NULL;0;NULL;0;NULL;0;NULL;0;NULL;0;NULL;0;NULL;0;NULL;0;xxx
38187;25137;0;0;1;1;0,0375;NULL;0;NULL;0;NULL;0;NULL;0;NULL;0;NULL;0;NULL;0;NULL;0;NULL;0;xxx
38187;25138;0;0;1;1;0,0375;NULL;0;NULL;0;NULL;0;NULL;0;NULL;0;NULL;0;NULL;0;NULL;0;NULL;0;xxx
38188;25139;0;0;1;1;0,0375;NULL;0;NULL;0;NULL;0;NULL;0;NULL;0;NULL;0;NULL;0;NULL;0;NULL;0;xxx
38188;25140;0;0;1;1;0,0375;NULL;0;NULL;0;NULL;0;NULL;0;NULL;0;NULL;0;NULL;0;NULL;0;NULL;0;xxx
38189;25141;0;0;1;1;0,0375;NULL;0;NULL;0;NULL;0;NULL;0;NULL;0;NULL;0;NULL;0;NULL;0;NULL;0;xxx
38189;25142;0;0;1;1;0,0375;NULL;0;NULL;0;NULL;0;NULL;0;NULL;0;NULL;0;NULL;0;NULL;0;NULL;0;xxx
38190;25143;0;0;1;1;0,0375;NULL;0;NULL;0;NULL;0;NULL;0;NULL;0;NULL;0;NULL;0;NULL;0;NULL;0;xxx
38190;25144;0;0;1;1;0,0375;NULL;0;NULL;0;NULL;0;NULL;0;NULL;0;NULL;0;NULL;0;NULL;0;NULL;0;xxx
38191;25145;0;0;1;1;0,0375;NULL;0;NULL;0;NULL;0;NULL;0;NULL;0;NULL;0;NULL;0;NULL;0;NULL;0;xxx
38191;25146;0;0;1;1;0,0375;NULL;0;NULL;0;NULL;0;NULL;0;NULL;0;NULL;0;NULL;0;NULL;0;NULL;0;xxx
38192;25147;0;0;1;1;0,0375;NULL;0;NULL;0;NULL;0;NULL;0;NULL;0;NULL;0;NULL;0;NULL;0;NULL;0;xxx
38192;25148;0;0;1;1;0,0375;NULL;0;NULL;0;NULL;0;NULL;0;NULL;0;NULL;0;NULL;0;NULL;0;NULL;0;xxx
38193;25149;0;0;1;1;0,0375;NULL;0;NULL;0;NULL;0;NULL;0;NULL;0;NULL;0;NULL;0;NULL;0;NULL;0;xxx
38193;25150;0;0;1;1;0,0375;NULL;0;NULL;0;NULL;0;NULL;0;NULL;0;NULL;0;NULL;0;NULL;0;NULL;0;xxx
38194;25151;0;0;1;1;0,0375;NULL;0;NULL;0;NULL;0;NULL;0;NULL;0;NULL;0;NULL;0;NULL;0;NULL;0;xxx
38194;25152;0;0;1;1;0,0375;NULL;0;NULL;0;NULL;0;NULL;0;NULL;0;NULL;0;NULL;0;NULL;0;NULL;0;xxx
38195;25153;0;0;1;1;0,415;NULL;0;NULL;0;NULL;0;NULL;0;NULL;0;NULL;0;NULL;0;NULL;0;NULL;0;xxx
38195;25154;0;0;1;1;0,208333;NULL;0;NULL;0;NULL;0;NULL;0;NULL;0;NULL;0;NULL;0;NULL;0;NULL;0;xxx
38196;25155;0;0;1;1;0,416167;NULL;0;NULL;0;NULL;0;NULL;0;NULL;0;NULL;0;NULL;0;NULL;0;NULL;0;xxx
38196;25156;0;0;1;1;0,208333;NULL;0;NULL;0;NULL;0;NULL;0;NULL;0;NULL;0;NULL;0;NULL;0;NULL;0;xxx
38197;25155;0;0;1;1;0,416167;NULL;0;NULL;0;NULL;0;NULL;0;NULL;0;NULL;0;NULL;0;NULL;0;NULL;0;xxx
38197;25156;0;0;1;1;0,208333;NULL;0;NULL;0;NULL;0;NULL;0;NULL;0;NULL;0;NULL;0;NULL;0;NULL;0;xxx
38198;25155;0;0;1;1;0,416167;NULL;0;NULL;0;NULL;0;NULL;0;NULL;0;NULL;0;NULL;0;NULL;0;NULL;0;xxx
38198;25156;0;0;1;1;0,208333;NULL;0;NULL;0;NULL;0;NULL;0;NULL;0;NULL;0;NULL;0;NULL;0;NULL;0;xxx
38199;25157;0;0;1;1;0,415167;NULL;0;NULL;0;NULL;0;NULL;0;NULL;0;NULL;0;NULL;0;NULL;0;NULL;0;xxx
38199;25158;0;0;1;1;0,208333;NULL;0;NULL;0;NULL;0;NULL;0;NULL;0;NULL;0;NULL;0;NULL;0;NULL;0;xxx
38200;25157;0;0;1;1;0,415167;NULL;0;NULL;0;NULL;0;NULL;0;NULL;0;NULL;0;NULL;0;NULL;0;NULL;0;xxx
38200;25158;0;0;1;1;0,208333;NULL;0;NULL;0;NULL;0;NULL;0;NULL;0;NULL;0;NULL;0;NULL;0;NULL;0;xxx
38201;25157;0;0;1;1;0,415167;NULL;0;NULL;0;NULL;0;NULL;0;NULL;0;NULL;0;NULL;0;NULL;0;NULL;0;xxx
38201;25158;0;0;1;1;0,208333;NULL;0;NULL;0;NULL;0;NULL;0;NULL;0;NULL;0;NULL;0;NULL;0;NULL;0;xxx
38202;25161;0;0;1;1;0,4155;NULL;0;NULL;0;NULL;0;NULL;0;NULL;0;NULL;0;NULL;0;NULL;0;NULL;0;xxx
38202;25162;0;0;1;1;0,208333;NULL;0;NULL;0;NULL;0;NULL;0;NULL;0;NULL;0;NULL;0;NULL;0;NULL;0;xxx
38203;25161;0;0;1;1;0,4155;NULL;0;NULL;0;NULL;0;NULL;0;NULL;0;NULL;0;NULL;0;NULL;0;NULL;0;xxx
38203;25162;0;0;1;1;0,208333;NULL;0;NULL;0;NULL;0;NULL;0;NULL;0;NULL;0;NULL;0;NULL;0;NULL;0;xxx
38204;25161;0;0;1;1;0,4155;NULL;0;NULL;0;NULL;0;NULL;0;NULL;0;NULL;0;NULL;0;NULL;0;NULL;0;xxx
38204;25162;0;0;1;1;0,208333;NULL;0;NULL;0;NULL;0;NULL;0;NULL;0;NULL;0;NULL;0;NULL;0;NULL;0;xxx
38205;25163;0;0;1;1;0,415167;NULL;0;NULL;0;NULL;0;NULL;0;NULL;0;NULL;0;NULL;0;NULL;0;NULL;0;xxx
38205;25164;0;0;1;1;0,208333;NULL;0;NULL;0;NULL;0;NULL;0;NULL;0;NULL;0;NULL;0;NULL;0;NULL;0;xxx
38206;25163;0;0;1;1;0,415167;NULL;0;NULL;0;NULL;0;NULL;0;NULL;0;NULL;0;NULL;0;NULL;0;NULL;0;xxx
38206;25164;0;0;1;1;0,208333;NULL;0;NULL;0;NULL;0;NULL;0;NULL;0;NULL;0;NULL;0;NULL;0;NULL;0;xxx
38207;25163;0;0;1;1;0,415167;NULL;0;NULL;0;NULL;0;NULL;0;NULL;0;NULL;0;NULL;0;NULL;0;NULL;0;xxx
38207;25164;0;0;1;1;0,208333;NULL;0;NULL;0;NULL;0;NULL;0;NULL;0;NULL;0;NULL;0;NULL;0;NULL;0;xxx
38208;25159;0;0;1;1;0,4165;NULL;0;NULL;0;NULL;0;NULL;0;NULL;0;NULL;0;NULL;0;NULL;0;NULL;0;xxx
38208;25160;0;0;1;1;0,208333;NULL;0;NULL;0;NULL;0;NULL;0;NULL;0;NULL;0;NULL;0;NULL;0;NULL;0;xxx
38209;25159;0;0;1;1;0,4165;NULL;0;NULL;0;NULL;0;NULL;0;NULL;0;NULL;0;NULL;0;NULL;0;NULL;0;xxx
38209;25160;0;0;1;1;0,208333;NULL;0;NULL;0;NULL;0;NULL;0;NULL;0;NULL;0;NULL;0;NULL;0;NULL;0;xxx
38210;25159;0;0;1;1;0,4165;NULL;0;NULL;0;NULL;0;NULL;0;NULL;0;NULL;0;NULL;0;NULL;0;NULL;0;xxx
38210;25160;0;0;1;1;0,208333;NULL;0;NULL;0;NULL;0;NULL;0;NULL;0;NULL;0;NULL;0;NULL;0;NULL;0;xxx
38211;25165;0;0;1;1;0,415667;NULL;0;NULL;0;NULL;0;NULL;0;NULL;0;NULL;0;NULL;0;NULL;0;NULL;0;xxx
38211;25166;0;0;1;1;0,208333;NULL;0;NULL;0;NULL;0;NULL;0;NULL;0;NULL;0;NULL;0;NULL;0;NULL;0;xxx
38212;25167;0;0;1;1;0,415333;NULL;0;NULL;0;NULL;0;NULL;0;NULL;0;NULL;0;NULL;0;NULL;0;NULL;0;xxx
38212;25168;0;0;1;1;0,208333;NULL;0;NULL;0;NULL;0;NULL;0;NULL;0;NULL;0;NULL;0;NULL;0;NULL;0;xxx
38213;25169;0;0;1;1;0,415833;NULL;0;NULL;0;NULL;0;NULL;0;NULL;0;NULL;0;NULL;0;NULL;0;NULL;0;xxx
38213;25170;0;0;1;1;0,208333;NULL;0;NULL;0;NULL;0;NULL;0;NULL;0;NULL;0;NULL;0;NULL;0;NULL;0;xxx
38214;25171;0;0;1;1;0,415667;NULL;0;NULL;0;NULL;0;NULL;0;NULL;0;NULL;0;NULL;0;NULL;0;NULL;0;xxx
38214;25172;0;0;1;1;0,208333;NULL;0;NULL;0;NULL;0;NULL;0;NULL;0;NULL;0;NULL;0;NULL;0;NULL;0;xxx
38215;25175;0;0;1;1;0,415167;NULL;0;NULL;0;NULL;0;NULL;0;NULL;0;NULL;0;NULL;0;NULL;0;NULL;0;xxx
38215;25176;0;0;1;1;0,208333;NULL;0;NULL;0;NULL;0;NULL;0;NULL;0;NULL;0;NULL;0;NULL;0;NULL;0;xxx
38216;25011;0;0;1;1;0,0375;NULL;0;NULL;0;NULL;0;NULL;0;NULL;0;NULL;0;NULL;0;NULL;0;NULL;0;xxx
38216;25012;0;0;1;1;0,0375;NULL;0;NULL;0;NULL;0;NULL;0;NULL;0;NULL;0;NULL;0;NULL;0;NULL;0;xxx
38217;25013;0;0;1;1;0,0375;NULL;0;NULL;0;NULL;0;NULL;0;NULL;0;NULL;0;NULL;0;NULL;0;NULL;0;xxx
38217;25014;0;0;1;1;0,0375;NULL;0;NULL;0;NULL;0;NULL;0;NULL;0;NULL;0;NULL;0;NULL;0;NULL;0;xxx
38218;25015;0;0;1;1;0,0375;NULL;0;NULL;0;NULL;0;NULL;0;NULL;0;NULL;0;NULL;0;NULL;0;NULL;0;xxx
38218;25016;0;0;1;1;0,0375;NULL;0;NULL;0;NULL;0;NULL;0;NULL;0;NULL;0;NULL;0;NULL;0;NULL;0;xxx
38219;25017;0;0;1;1;0,0375;NULL;0;NULL;0;NULL;0;NULL;0;NULL;0;NULL;0;NULL;0;NULL;0;NULL;0;xxx
38219;25018;0;0;1;1;0,0375;NULL;0;NULL;0;NULL;0;NULL;0;NULL;0;NULL;0;NULL;0;NULL;0;NULL;0;xxx
38220;25019;0;0;1;1;0,0375;NULL;0;NULL;0;NULL;0;NULL;0;NULL;0;NULL;0;NULL;0;NULL;0;NULL;0;xxx
38220;25020;0;0;1;1;0,0375;NULL;0;NULL;0;NULL;0;NULL;0;NULL;0;NULL;0;NULL;0;NULL;0;NULL;0;xxx
38221;25021;0;0;1;1;0,0375;NULL;0;NULL;0;NULL;0;NULL;0;NULL;0;NULL;0;NULL;0;NULL;0;NULL;0;xxx
38221;25022;0;0;1;1;0,0375;NULL;0;NULL;0;NULL;0;NULL;0;NULL;0;NULL;0;NULL;0;NULL;0;NULL;0;xxx
38222;26066;0;0;1;1;0,0375;NULL;0;NULL;0;NULL;0;NULL;0;NULL;0;NULL;0;NULL;0;NULL;0;NULL;0;xxx
38222;26067;0;0;1;1;0,0375;NULL;0;NULL;0;NULL;0;NULL;0;NULL;0;NULL;0;NULL;0;NULL;0;NULL;0;xxx
38223;26068;0;0;1;1;0,0375;NULL;0;NULL;0;NULL;0;NULL;0;NULL;0;NULL;0;NULL;0;NULL;0;NULL;0;xxx
38223;26069;0;0;1;1;0,0375;NULL;0;NULL;0;NULL;0;NULL;0;NULL;0;NULL;0;NULL;0;NULL;0;NULL;0;xxx
38224;26070;0;0;1;1;0,0375;NULL;0;NULL;0;NULL;0;NULL;0;NULL;0;NULL;0;NULL;0;NULL;0;NULL;0;xxx
38224;26071;0;0;1;1;0,0375;NULL;0;NULL;0;NULL;0;NULL;0;NULL;0;NULL;0;NULL;0;NULL;0;NULL;0;xxx
38225;26070;0;0;1;1;0,0375;NULL;0;NULL;0;NULL;0;NULL;0;NULL;0;NULL;0;NULL;0;NULL;0;NULL;0;xxx
38225;26071;0;0;1;1;0,0375;NULL;0;NULL;0;NULL;0;NULL;0;NULL;0;NULL;0;NULL;0;NULL;0;NULL;0;xxx
38226;26070;0;0;1;1;0,0375;NULL;0;NULL;0;NULL;0;NULL;0;NULL;0;NULL;0;NULL;0;NULL;0;NULL;0;xxx
38226;26071;0;0;1;1;0,0375;NULL;0;NULL;0;NULL;0;NULL;0;NULL;0;NULL;0;NULL;0;NULL;0;NULL;0;xxx
38227;26072;0;0;1;1;0,0375;NULL;0;NULL;0;NULL;0;NULL;0;NULL;0;NULL;0;NULL;0;NULL;0;NULL;0;xxx
38227;26073;0;0;1;1;0,0375;NULL;0;NULL;0;NULL;0;NULL;0;NULL;0;NULL;0;NULL;0;NULL;0;NULL;0;xxx
38228;25035;0;0;1;1;0,0375;NULL;0;NULL;0;NULL;0;NULL;0;NULL;0;NULL;0;NULL;0;NULL;0;NULL;0;xxx
38228;25036;0;0;1;1;0,0375;NULL;0;NULL;0;NULL;0;NULL;0;NULL;0;NULL;0;NULL;0;NULL;0;NULL;0;xxx
38229;26074;0;0;1;1;0,0375;NULL;0;NULL;0;NULL;0;NULL;0;NULL;0;NULL;0;NULL;0;NULL;0;NULL;0;xxx
38229;26075;0;0;1;1;0,0375;NULL;0;NULL;0;NULL;0;NULL;0;NULL;0;NULL;0;NULL;0;NULL;0;NULL;0;xxx
38230;25039;0;0;1;1;0,0375;NULL;0;NULL;0;NULL;0;NULL;0;NULL;0;NULL;0;NULL;0;NULL;0;NULL;0;xxx
38230;25040;0;0;1;1;0,0375;NULL;0;NULL;0;NULL;0;NULL;0;NULL;0;NULL;0;NULL;0;NULL;0;NULL;0;xxx
38231;26076;0;0;1;1;0,0375;NULL;0;NULL;0;NULL;0;NULL;0;NULL;0;NULL;0;NULL;0;NULL;0;NULL;0;xxx
38231;26077;0;0;1;1;0,0375;NULL;0;NULL;0;NULL;0;NULL;0;NULL;0;NULL;0;NULL;0;NULL;0;NULL;0;xxx
38232;25043;0;0;1;1;0,0375;NULL;0;NULL;0;NULL;0;NULL;0;NULL;0;NULL;0;NULL;0;NULL;0;NULL;0;xxx
38232;25044;0;0;1;1;0,0375;NULL;0;NULL;0;NULL;0;NULL;0;NULL;0;NULL;0;NULL;0;NULL;0;NULL;0;xxx
38233;25043;0;0;1;1;0,0375;NULL;0;NULL;0;NULL;0;NULL;0;NULL;0;NULL;0;NULL;0;NULL;0;NULL;0;xxx
38233;25044;0;0;1;1;0,0375;NULL;0;NULL;0;NULL;0;NULL;0;NULL;0;NULL;0;NULL;0;NULL;0;NULL;0;xxx
38234;25043;0;0;1;1;0,0375;NULL;0;NULL;0;NULL;0;NULL;0;NULL;0;NULL;0;NULL;0;NULL;0;NULL;0;xxx
38234;25044;0;0;1;1;0,0375;NULL;0;NULL;0;NULL;0;NULL;0;NULL;0;NULL;0;NULL;0;NULL;0;NULL;0;xxx
38235;26078;0;0;1;1;0,0375;NULL;0;NULL;0;NULL;0;NULL;0;NULL;0;NULL;0;NULL;0;NULL;0;NULL;0;xxx
38235;26079;0;0;1;1;0,0375;NULL;0;NULL;0;NULL;0;NULL;0;NULL;0;NULL;0;NULL;0;NULL;0;NULL;0;xxx
38236;25049;0;0;1;1;0,0375;NULL;0;NULL;0;NULL;0;NULL;0;NULL;0;NULL;0;NULL;0;NULL;0;NULL;0;xxx
38236;25050;0;0;1;1;0,0375;NULL;0;NULL;0;NULL;0;NULL;0;NULL;0;NULL;0;NULL;0;NULL;0;NULL;0;xxx
38237;25049;0;0;1;1;0,0375;NULL;0;NULL;0;NULL;0;NULL;0;NULL;0;NULL;0;NULL;0;NULL;0;NULL;0;xxx
38237;25050;0;0;1;1;0,0375;NULL;0;NULL;0;NULL;0;NULL;0;NULL;0;NULL;0;NULL;0;NULL;0;NULL;0;xxx
38238;25049;0;0;1;1;0,0375;NULL;0;NULL;0;NULL;0;NULL;0;NULL;0;NULL;0;NULL;0;NULL;0;NULL;0;xxx
38238;25050;0;0;1;1;0,0375;NULL;0;NULL;0;NULL;0;NULL;0;NULL;0;NULL;0;NULL;0;NULL;0;NULL;0;xxx
38239;26080;0;0;1;1;0,0375;NULL;0;NULL;0;NULL;0;NULL;0;NULL;0;NULL;0;NULL;0;NULL;0;NULL;0;xxx
38239;26081;0;0;1;1;0,0375;NULL;0;NULL;0;NULL;0;NULL;0;NULL;0;NULL;0;NULL;0;NULL;0;NULL;0;xxx
38240;25051;0;0;1;1;0,0375;NULL;0;NULL;0;NULL;0;NULL;0;NULL;0;NULL;0;NULL;0;NULL;0;NULL;0;xxx
38240;25052;0;0;1;1;0,0375;NULL;0;NULL;0;NULL;0;NULL;0;NULL;0;NULL;0;NULL;0;NULL;0;NULL;0;xxx
38241;25053;0;0;1;1;0,0375;NULL;0;NULL;0;NULL;0;NULL;0;NULL;0;NULL;0;NULL;0;NULL;0;NULL;0;xxx
38241;25054;0;0;1;1;0,0375;NULL;0;NULL;0;NULL;0;NULL;0;NULL;0;NULL;0;NULL;0;NULL;0;NULL;0;xxx
38242;25057;0;0;1;1;0,0375;NULL;0;NULL;0;NULL;0;NULL;0;NULL;0;NULL;0;NULL;0;NULL;0;NULL;0;xxx
38242;25058;0;0;1;1;0,0375;NULL;0;NULL;0;NULL;0;NULL;0;NULL;0;NULL;0;NULL;0;NULL;0;NULL;0;xxx
38243;25055;0;0;1;1;0,0375;NULL;0;NULL;0;NULL;0;NULL;0;NULL;0;NULL;0;NULL;0;NULL;0;NULL;0;xxx
38243;25056;0;0;1;1;0,0375;NULL;0;NULL;0;NULL;0;NULL;0;NULL;0;NULL;0;NULL;0;NULL;0;NULL;0;xxx
38244;25059;0;0;1;1;0,0375;NULL;0;NULL;0;NULL;0;NULL;0;NULL;0;NULL;0;NULL;0;NULL;0;NULL;0;xxx
38244;25060;0;0;1;1;0,0375;NULL;0;NULL;0;NULL;0;NULL;0;NULL;0;NULL;0;NULL;0;NULL;0;NULL;0;xxx
38245;25061;0;0;1;1;0,0375;NULL;0;NULL;0;NULL;0;NULL;0;NULL;0;NULL;0;NULL;0;NULL;0;NULL;0;xxx
38245;25062;0;0;1;1;0,0375;NULL;0;NULL;0;NULL;0;NULL;0;NULL;0;NULL;0;NULL;0;NULL;0;NULL;0;xxx
38246;25063;0;0;1;1;0,0375;NULL;0;NULL;0;NULL;0;NULL;0;NULL;0;NULL;0;NULL;0;NULL;0;NULL;0;xxx
38246;25064;0;0;1;1;0,0375;NULL;0;NULL;0;NULL;0;NULL;0;NULL;0;NULL;0;NULL;0;NULL;0;NULL;0;xxx
38247;25065;0;0;1;1;0,0375;NULL;0;NULL;0;NULL;0;NULL;0;NULL;0;NULL;0;NULL;0;NULL;0;NULL;0;xxx
38247;25066;0;0;1;1;0,0375;NULL;0;NULL;0;NULL;0;NULL;0;NULL;0;NULL;0;NULL;0;NULL;0;NULL;0;xxx
38248;25069;0;0;1;1;0,0375;NULL;0;NULL;0;NULL;0;NULL;0;NULL;0;NULL;0;NULL;0;NULL;0;NULL;0;xxx
38248;25070;0;0;1;1;0,0375;NULL;0;NULL;0;NULL;0;NULL;0;NULL;0;NULL;0;NULL;0;NULL;0;NULL;0;xxx
38249;25071;0;0;1;1;0,0375;NULL;0;NULL;0;NULL;0;NULL;0;NULL;0;NULL;0;NULL;0;NULL;0;NULL;0;xxx
38249;25072;0;0;1;1;0,0375;NULL;0;NULL;0;NULL;0;NULL;0;NULL;0;NULL;0;NULL;0;NULL;0;NULL;0;xxx
38250;25075;0;0;1;1;0,0375;NULL;0;NULL;0;NULL;0;NULL;0;NULL;0;NULL;0;NULL;0;NULL;0;NULL;0;xxx
38250;25076;0;0;1;1;0,0375;NULL;0;NULL;0;NULL;0;NULL;0;NULL;0;NULL;0;NULL;0;NULL;0;NULL;0;xxx
38251;25077;0;0;1;1;0,0375;NULL;0;NULL;0;NULL;0;NULL;0;NULL;0;NULL;0;NULL;0;NULL;0;NULL;0;xxx
38251;25078;0;0;1;1;0,0375;NULL;0;NULL;0;NULL;0;NULL;0;NULL;0;NULL;0;NULL;0;NULL;0;NULL;0;xxx
38252;25081;0;0;1;1;0,0375;NULL;0;NULL;0;NULL;0;NULL;0;NULL;0;NULL;0;NULL;0;NULL;0;NULL;0;xxx
38252;25082;0;0;1;1;0,0375;NULL;0;NULL;0;NULL;0;NULL;0;NULL;0;NULL;0;NULL;0;NULL;0;NULL;0;xxx
38253;25083;0;0;1;1;0,0375;NULL;0;NULL;0;NULL;0;NULL;0;NULL;0;NULL;0;NULL;0;NULL;0;NULL;0;xxx
38253;25084;0;0;1;1;0,0375;NULL;0;NULL;0;NULL;0;NULL;0;NULL;0;NULL;0;NULL;0;NULL;0;NULL;0;xxx
38254;25085;0;0;1;1;0,0375;NULL;0;NULL;0;NULL;0;NULL;0;NULL;0;NULL;0;NULL;0;NULL;0;NULL;0;xxx
38254;25086;0;0;1;1;0,0375;NULL;0;NULL;0;NULL;0;NULL;0;NULL;0;NULL;0;NULL;0;NULL;0;NULL;0;xxx
38255;25085;0;0;1;1;0,0375;NULL;0;NULL;0;NULL;0;NULL;0;NULL;0;NULL;0;NULL;0;NULL;0;NULL;0;xxx
38255;25086;0;0;1;1;0,0375;NULL;0;NULL;0;NULL;0;NULL;0;NULL;0;NULL;0;NULL;0;NULL;0;NULL;0;xxx
38256;25085;0;0;1;1;0,0375;NULL;0;NULL;0;NULL;0;NULL;0;NULL;0;NULL;0;NULL;0;NULL;0;NULL;0;xxx
38256;25086;0;0;1;1;0,0375;NULL;0;NULL;0;NULL;0;NULL;0;NULL;0;NULL;0;NULL;0;NULL;0;NULL;0;xxx
38257;25087;0;0;1;1;0,0375;NULL;0;NULL;0;NULL;0;NULL;0;NULL;0;NULL;0;NULL;0;NULL;0;NULL;0;xxx
38257;25088;0;0;1;1;0,0375;NULL;0;NULL;0;NULL;0;NULL;0;NULL;0;NULL;0;NULL;0;NULL;0;NULL;0;xxx
38258;25179;0;0;1;1;0,0375;NULL;0;NULL;0;NULL;0;NULL;0;NULL;0;NULL;0;NULL;0;NULL;0;NULL;0;xxx
38258;25180;0;0;1;1;0,0375;NULL;0;NULL;0;NULL;0;NULL;0;NULL;0;NULL;0;NULL;0;NULL;0;NULL;0;xxx
38259;25179;0;0;1;1;0,0375;NULL;0;NULL;0;NULL;0;NULL;0;NULL;0;NULL;0;NULL;0;NULL;0;NULL;0;xxx
38259;25180;0;0;1;1;0,0375;NULL;0;NULL;0;NULL;0;NULL;0;NULL;0;NULL;0;NULL;0;NULL;0;NULL;0;xxx
38260;25179;0;0;1;1;0,0375;NULL;0;NULL;0;NULL;0;NULL;0;NULL;0;NULL;0;NULL;0;NULL;0;NULL;0;xxx
38260;25180;0;0;1;1;0,0375;NULL;0;NULL;0;NULL;0;NULL;0;NULL;0;NULL;0;NULL;0;NULL;0;NULL;0;xxx
38261;25173;0;0;1;1;0,208333;NULL;0;NULL;0;NULL;0;NULL;0;NULL;0;NULL;0;NULL;0;NULL;0;NULL;0;xxx
38261;25174;0;0;1;1;0,208333;NULL;0;NULL;0;NULL;0;NULL;0;NULL;0;NULL;0;NULL;0;NULL;0;NULL;0;xxx
38262;25177;0;0;1;1;0,208333;NULL;0;NULL;0;NULL;0;NULL;0;NULL;0;NULL;0;NULL;0;NULL;0;NULL;0;xxx
38262;25178;0;0;1;1;0,208333;NULL;0;NULL;0;NULL;0;NULL;0;NULL;0;NULL;0;NULL;0;NULL;0;NULL;0;xxx
24156;23984;0;0;0;1;1;NULL;0;NULL;0;NULL;0;NULL;0;NULL;0;NULL;0;NULL;0;NULL;0;NULL;0;xxx
24157;23985;0;0;0;1;1;NULL;0;NULL;0;NULL;0;NULL;0;NULL;0;NULL;0;NULL;0;NULL;0;NULL;0;xxx
24158;23986;0;0;0;1;1;NULL;0;NULL;0;NULL;0;NULL;0;NULL;0;NULL;0;NULL;0;NULL;0;NULL;0;xxx
24159;23987;0;0;0;1;1;NULL;0;NULL;0;NULL;0;NULL;0;NULL;0;NULL;0;NULL;0;NULL;0;NULL;0;xxx
24160;23983;0;0;1;2;1;NULL;0;NULL;0;NULL;0;NULL;0;NULL;0;NULL;0;NULL;0;NULL;0;NULL;0;xxx
3877;23980;0;0;1;2;1;NULL;0;NULL;0;NULL;0;NULL;0;NULL;0;NULL;0;NULL;0;NULL;0;NULL;0;xxx
3877;23981;0;0;1;2;1;NULL;0;NULL;0;NULL;0;NULL;0;NULL;0;NULL;0;NULL;0;NULL;0;NULL;0;xxx
3877;23982;0;0;1;2;1;NULL;0;NULL;0;NULL;0;NULL;0;NULL;0;NULL;0;NULL;0;NULL;0;NULL;0;xxx
3877;6098;0;0;5;6;1;NULL;0;NULL;0;NULL;0;NULL;0;NULL;0;NULL;0;NULL;0;NULL;0;NULL;0;xxx
3877;6099;0;0;5;6;1;NULL;0;NULL;0;NULL;0;NULL;0;NULL;0;NULL;0;NULL;0;NULL;0;NULL;0;xxx
3877;6100;0;0;5;6;1;NULL;0;NULL;0;NULL;0;NULL;0;NULL;0;NULL;0;NULL;0;NULL;0;NULL;0;xxx
3877;6101;0;0;5;6;1;NULL;0;NULL;0;NULL;0;NULL;0;NULL;0;NULL;0;NULL;0;NULL;0;NULL;0;xxx
36048;35883;0;0;0;1;0,3;NULL;0;NULL;0;NULL;0;NULL;0;NULL;0;NULL;0;NULL;0;NULL;0;NULL;0;xxx
36048;35884;0;0;0;1;0,2;NULL;0;NULL;0;NULL;0;NULL;0;NULL;0;NULL;0;NULL;0;NULL;0;NULL;0;xxx
36049;35885;0;0;0;1;0,3;NULL;0;NULL;0;NULL;0;NULL;0;NULL;0;NULL;0;NULL;0;NULL;0;NULL;0;xxx
36049;35886;0;0;0;1;0,2;NULL;0;NULL;0;NULL;0;NULL;0;NULL;0;NULL;0;NULL;0;NULL;0;NULL;0;xxx
36050;35887;0;0;0;1;0,3;NULL;0;NULL;0;NULL;0;NULL;0;NULL;0;NULL;0;NULL;0;NULL;0;NULL;0;xxx
36050;35888;0;0;0;1;0,2;NULL;0;NULL;0;NULL;0;NULL;0;NULL;0;NULL;0;NULL;0;NULL;0;NULL;0;xxx
36051;35889;0;0;0;1;0,3;NULL;0;NULL;0;NULL;0;NULL;0;NULL;0;NULL;0;NULL;0;NULL;0;NULL;0;xxx
36051;35890;0;0;0;1;0,2;NULL;0;NULL;0;NULL;0;NULL;0;NULL;0;NULL;0;NULL;0;NULL;0;NULL;0;xxx
36051;35891;0;0;0;1;0,2;NULL;0;NULL;0;NULL;0;NULL;0;NULL;0;NULL;0;NULL;0;NULL;0;NULL;0;xxx
36051;35892;0;0;0;1;0,1;NULL;0;NULL;0;NULL;0;NULL;0;NULL;0;NULL;0;NULL;0;NULL;0;NULL;0;xxx
36052;35893;0;0;0;1;0,3;NULL;0;NULL;0;NULL;0;NULL;0;NULL;0;NULL;0;NULL;0;NULL;0;NULL;0;xxx
36052;35894;0;0;0;1;0,2;NULL;0;NULL;0;NULL;0;NULL;0;NULL;0;NULL;0;NULL;0;NULL;0;NULL;0;xxx
36052;35895;0;0;0;1;0,2;NULL;0;NULL;0;NULL;0;NULL;0;NULL;0;NULL;0;NULL;0;NULL;0;NULL;0;xxx
36052;35896;0;0;0;1;0,1;NULL;0;NULL;0;NULL;0;NULL;0;NULL;0;NULL;0;NULL;0;NULL;0;NULL;0;xxx
36053;35897;0;0;0;1;0,3;NULL;0;NULL;0;NULL;0;NULL;0;NULL;0;NULL;0;NULL;0;NULL;0;NULL;0;xxx
36053;35898;0;0;0;1;0,2;NULL;0;NULL;0;NULL;0;NULL;0;NULL;0;NULL;0;NULL;0;NULL;0;NULL;0;xxx
36053;35899;0;0;0;1;0,2;NULL;0;NULL;0;NULL;0;NULL;0;NULL;0;NULL;0;NULL;0;NULL;0;NULL;0;xxx
36053;35900;0;0;0;1;0,1;NULL;0;NULL;0;NULL;0;NULL;0;NULL;0;NULL;0;NULL;0;NULL;0;NULL;0;xxx
36054;35901;0;0;0;1;0,3;NULL;0;NULL;0;NULL;0;NULL;0;NULL;0;NULL;0;NULL;0;NULL;0;NULL;0;xxx
36054;35902;0;0;0;1;0,2;NULL;0;NULL;0;NULL;0;NULL;0;NULL;0;NULL;0;NULL;0;NULL;0;NULL;0;xxx
36054;35903;0;0;0;1;0,2;NULL;0;NULL;0;NULL;0;NULL;0;NULL;0;NULL;0;NULL;0;NULL;0;NULL;0;xxx
36054;35904;0;0;0;1;0,1;NULL;0;NULL;0;NULL;0;NULL;0;NULL;0;NULL;0;NULL;0;NULL;0;NULL;0;xxx
14935;10696;0;0;1;1;0,042833;NULL;0;NULL;0;NULL;0;NULL;0;NULL;0;NULL;0;NULL;0;NULL;0;NULL;0;xxx
14935;10697;0;0;1;1;0,042833;NULL;0;NULL;0;NULL;0;NULL;0;NULL;0;NULL;0;NULL;0;NULL;0;NULL;0;xxx
14935;10698;0;0;1;1;0,381;NULL;0;NULL;0;NULL;0;NULL;0;NULL;0;NULL;0;NULL;0;NULL;0;NULL;0;xxx
14936;10699;0;0;1;1;0,044667;NULL;0;NULL;0;NULL;0;NULL;0;NULL;0;NULL;0;NULL;0;NULL;0;NULL;0;xxx
14936;10700;0;0;1;1;0,0145;NULL;0;NULL;0;NULL;0;NULL;0;NULL;0;NULL;0;NULL;0;NULL;0;NULL;0;xxx
14936;10701;0;0;1;1;0,4095;NULL;0;NULL;0;NULL;0;NULL;0;NULL;0;NULL;0;NULL;0;NULL;0;NULL;0;xxx
14936;10702;0;0;1;1;0,407833;NULL;0;NULL;0;NULL;0;NULL;0;NULL;0;NULL;0;NULL;0;NULL;0;NULL;0;xxx
14936;10703;0;0;1;1;0,39;NULL;0;NULL;0;NULL;0;NULL;0;NULL;0;NULL;0;NULL;0;NULL;0;NULL;0;xxx
26667;10699;0;0;1;1;0,044667;NULL;0;NULL;0;NULL;0;NULL;0;NULL;0;NULL;0;NULL;0;NULL;0;NULL;0;xxx
26667;10700;0;0;1;1;0,0145;NULL;0;NULL;0;NULL;0;NULL;0;NULL;0;NULL;0;NULL;0;NULL;0;NULL;0;xxx
26667;10701;0;0;1;1;0,4095;NULL;0;NULL;0;NULL;0;NULL;0;NULL;0;NULL;0;NULL;0;NULL;0;NULL;0;xxx
26667;10702;0;0;1;1;0,407833;NULL;0;NULL;0;NULL;0;NULL;0;NULL;0;NULL;0;NULL;0;NULL;0;NULL;0;xxx
26667;10703;0;0;1;1;0,39;NULL;0;NULL;0;NULL;0;NULL;0;NULL;0;NULL;0;NULL;0;NULL;0;NULL;0;xxx
14960;10773;0;0;1;1;0,0325;NULL;0;NULL;0;NULL;0;NULL;0;NULL;0;NULL;0;NULL;0;NULL;0;NULL;0;xxx
14960;10774;0;0;1;1;0,0295;NULL;0;NULL;0;NULL;0;NULL;0;NULL;0;NULL;0;NULL;0;NULL;0;NULL;0;xxx
14960;10775;0;0;1;1;0,038;NULL;0;NULL;0;NULL;0;NULL;0;NULL;0;NULL;0;NULL;0;NULL;0;NULL;0;xxx
14961;10776;0;0;1;1;0,028;NULL;0;NULL;0;NULL;0;NULL;0;NULL;0;NULL;0;NULL;0;NULL;0;NULL;0;xxx
14961;10777;0;0;1;1;0,0335;NULL;0;NULL;0;NULL;0;NULL;0;NULL;0;NULL;0;NULL;0;NULL;0;NULL;0;xxx
14961;10778;0;0;1;1;0,039;NULL;0;NULL;0;NULL;0;NULL;0;NULL;0;NULL;0;NULL;0;NULL;0;NULL;0;xxx
14962;10779;0;0;1;1;0,03;NULL;0;NULL;0;NULL;0;NULL;0;NULL;0;NULL;0;NULL;0;NULL;0;NULL;0;xxx
14962;10780;0;0;1;1;0,0265;NULL;0;NULL;0;NULL;0;NULL;0;NULL;0;NULL;0;NULL;0;NULL;0;NULL;0;xxx
14962;10781;0;0;1;1;0,0435;NULL;0;NULL;0;NULL;0;NULL;0;NULL;0;NULL;0;NULL;0;NULL;0;NULL;0;xxx
14963;10782;0;0;1;1;0,0375;NULL;0;NULL;0;NULL;0;NULL;0;NULL;0;NULL;0;NULL;0;NULL;0;NULL;0;xxx
14963;10783;0;0;1;1;0,028;NULL;0;NULL;0;NULL;0;NULL;0;NULL;0;NULL;0;NULL;0;NULL;0;NULL;0;xxx
14963;10784;0;0;1;1;0,0345;NULL;0;NULL;0;NULL;0;NULL;0;NULL;0;NULL;0;NULL;0;NULL;0;NULL;0;xxx
14964;10785;0;0;1;1;0,0365;NULL;0;NULL;0;NULL;0;NULL;0;NULL;0;NULL;0;NULL;0;NULL;0;NULL;0;xxx
14964;10786;0;0;1;1;0,0235;NULL;0;NULL;0;NULL;0;NULL;0;NULL;0;NULL;0;NULL;0;NULL;0;NULL;0;xxx
14964;10787;0;0;1;1;0,04;NULL;0;NULL;0;NULL;0;NULL;0;NULL;0;NULL;0;NULL;0;NULL;0;NULL;0;xxx
14965;10788;0;0;1;1;0,041;NULL;0;NULL;0;NULL;0;NULL;0;NULL;0;NULL;0;NULL;0;NULL;0;NULL;0;xxx
14965;10789;0;0;1;1;0,032;NULL;0;NULL;0;NULL;0;NULL;0;NULL;0;NULL;0;NULL;0;NULL;0;NULL;0;xxx
14965;10790;0;0;1;1;0,0275;NULL;0;NULL;0;NULL;0;NULL;0;NULL;0;NULL;0;NULL;0;NULL;0;NULL;0;xxx
14966;10791;0;0;1;1;0,0315;NULL;0;NULL;0;NULL;0;NULL;0;NULL;0;NULL;0;NULL;0;NULL;0;NULL;0;xxx
14966;10792;0;0;1;1;0,037;NULL;0;NULL;0;NULL;0;NULL;0;NULL;0;NULL;0;NULL;0;NULL;0;NULL;0;xxx
14966;10793;0;0;1;1;0,0315;NULL;0;NULL;0;NULL;0;NULL;0;NULL;0;NULL;0;NULL;0;NULL;0;NULL;0;xxx
14967;10794;0;0;1;1;0,04;NULL;0;NULL;0;NULL;0;NULL;0;NULL;0;NULL;0;NULL;0;NULL;0;NULL;0;xxx
14967;10795;0;0;1;1;0,0335;NULL;0;NULL;0;NULL;0;NULL;0;NULL;0;NULL;0;NULL;0;NULL;0;NULL;0;xxx
14967;10796;0;0;1;1;0,0265;NULL;0;NULL;0;NULL;0;NULL;0;NULL;0;NULL;0;NULL;0;NULL;0;NULL;0;xxx
14968;10797;0;0;1;1;0,041;NULL;0;NULL;0;NULL;0;NULL;0;NULL;0;NULL;0;NULL;0;NULL;0;NULL;0;xxx
14968;10798;0;0;1;1;0,032;NULL;0;NULL;0;NULL;0;NULL;0;NULL;0;NULL;0;NULL;0;NULL;0;NULL;0;xxx
14968;10799;0;0;1;1;0,0275;NULL;0;NULL;0;NULL;0;NULL;0;NULL;0;NULL;0;NULL;0;NULL;0;NULL;0;xxx
14969;10800;0;0;1;1;0,028;NULL;0;NULL;0;NULL;0;NULL;0;NULL;0;NULL;0;NULL;0;NULL;0;NULL;0;xxx
14969;10801;0;0;1;1;0,0375;NULL;0;NULL;0;NULL;0;NULL;0;NULL;0;NULL;0;NULL;0;NULL;0;NULL;0;xxx
14969;10802;0;0;1;1;0,0345;NULL;0;NULL;0;NULL;0;NULL;0;NULL;0;NULL;0;NULL;0;NULL;0;NULL;0;xxx
14970;10803;0;0;1;1;0,0325;NULL;0;NULL;0;NULL;0;NULL;0;NULL;0;NULL;0;NULL;0;NULL;0;NULL;0;xxx
14970;10804;0;0;1;1;0,0295;NULL;0;NULL;0;NULL;0;NULL;0;NULL;0;NULL;0;NULL;0;NULL;0;NULL;0;xxx
14970;10805;0;0;1;1;0,038;NULL;0;NULL;0;NULL;0;NULL;0;NULL;0;NULL;0;NULL;0;NULL;0;NULL;0;xxx
14971;10806;0;0;1;1;0,039;NULL;0;NULL;0;NULL;0;NULL;0;NULL;0;NULL;0;NULL;0;NULL;0;NULL;0;xxx
14971;10807;0;0;1;1;0,039;NULL;0;NULL;0;NULL;0;NULL;0;NULL;0;NULL;0;NULL;0;NULL;0;NULL;0;xxx
14971;10808;0;0;1;1;0,022;NULL;0;NULL;0;NULL;0;NULL;0;NULL;0;NULL;0;NULL;0;NULL;0;NULL;0;xxx
14972;10809;0;0;1;1;0,0435;NULL;0;NULL;0;NULL;0;NULL;0;NULL;0;NULL;0;NULL;0;NULL;0;NULL;0;xxx
14972;10810;0;0;1;1;0,0265;NULL;0;NULL;0;NULL;0;NULL;0;NULL;0;NULL;0;NULL;0;NULL;0;NULL;0;xxx
14972;10811;0;0;1;1;0,03;NULL;0;NULL;0;NULL;0;NULL;0;NULL;0;NULL;0;NULL;0;NULL;0;NULL;0;xxx
14973;10812;0;0;1;1;0,025;NULL;0;NULL;0;NULL;0;NULL;0;NULL;0;NULL;0;NULL;0;NULL;0;NULL;0;xxx
14973;10813;0;0;1;1;0,0375;NULL;0;NULL;0;NULL;0;NULL;0;NULL;0;NULL;0;NULL;0;NULL;0;NULL;0;xxx
14973;10814;0;0;1;1;0,0375;NULL;0;NULL;0;NULL;0;NULL;0;NULL;0;NULL;0;NULL;0;NULL;0;NULL;0;xxx
14974;10815;0;0;1;1;0,038;NULL;0;NULL;0;NULL;0;NULL;0;NULL;0;NULL;0;NULL;0;NULL;0;NULL;0;xxx
14974;10816;0;0;1;1;0,0325;NULL;0;NULL;0;NULL;0;NULL;0;NULL;0;NULL;0;NULL;0;NULL;0;NULL;0;xxx
14974;10817;0;0;1;1;0,0295;NULL;0;NULL;0;NULL;0;NULL;0;NULL;0;NULL;0;NULL;0;NULL;0;NULL;0;xxx
14975;10818;0;0;1;1;0,0265;NULL;0;NULL;0;NULL;0;NULL;0;NULL;0;NULL;0;NULL;0;NULL;0;NULL;0;xxx
14975;10819;0;0;1;1;0,038;NULL;0;NULL;0;NULL;0;NULL;0;NULL;0;NULL;0;NULL;0;NULL;0;NULL;0;xxx
14975;10820;0;0;1;1;0,0355;NULL;0;NULL;0;NULL;0;NULL;0;NULL;0;NULL;0;NULL;0;NULL;0;NULL;0;xxx
14976;10821;0;0;1;1;0,02;NULL;0;NULL;0;NULL;0;NULL;0;NULL;0;NULL;0;NULL;0;NULL;0;NULL;0;xxx
14976;10822;0;0;1;1;0,04;NULL;0;NULL;0;NULL;0;NULL;0;NULL;0;NULL;0;NULL;0;NULL;0;NULL;0;xxx
14976;10823;0;0;1;1;0,04;NULL;0;NULL;0;NULL;0;NULL;0;NULL;0;NULL;0;NULL;0;NULL;0;NULL;0;xxx
14977;10824;0;0;1;1;0,0325;NULL;0;NULL;0;NULL;0;NULL;0;NULL;0;NULL;0;NULL;0;NULL;0;NULL;0;xxx
14977;10825;0;0;1;1;0,038;NULL;0;NULL;0;NULL;0;NULL;0;NULL;0;NULL;0;NULL;0;NULL;0;NULL;0;xxx
14977;10826;0;0;1;1;0,0295;NULL;0;NULL;0;NULL;0;NULL;0;NULL;0;NULL;0;NULL;0;NULL;0;NULL;0;xxx
14978;10827;0;0;1;1;0,0415;NULL;0;NULL;0;NULL;0;NULL;0;NULL;0;NULL;0;NULL;0;NULL;0;NULL;0;xxx
14978;10828;0;0;1;1;0,0305;NULL;0;NULL;0;NULL;0;NULL;0;NULL;0;NULL;0;NULL;0;NULL;0;NULL;0;xxx
14978;10829;0;0;1;1;0,028;NULL;0;NULL;0;NULL;0;NULL;0;NULL;0;NULL;0;NULL;0;NULL;0;NULL;0;xxx
14979;10830;0;0;1;1;0,031;NULL;0;NULL;0;NULL;0;NULL;0;NULL;0;NULL;0;NULL;0;NULL;0;NULL;0;xxx
14979;10831;0;0;1;1;0,0435;NULL;0;NULL;0;NULL;0;NULL;0;NULL;0;NULL;0;NULL;0;NULL;0;NULL;0;xxx
14979;10832;0;0;1;1;0,025;NULL;0;NULL;0;NULL;0;NULL;0;NULL;0;NULL;0;NULL;0;NULL;0;NULL;0;xxx
14981;10833;0;0;1;1;0,036;NULL;0;NULL;0;NULL;0;NULL;0;NULL;0;NULL;0;NULL;0;NULL;0;NULL;0;xxx
14981;10834;0;0;1;1;0,0335;NULL;0;NULL;0;NULL;0;NULL;0;NULL;0;NULL;0;NULL;0;NULL;0;NULL;0;xxx
14981;10835;0;0;1;1;0,0305;NULL;0;NULL;0;NULL;0;NULL;0;NULL;0;NULL;0;NULL;0;NULL;0;NULL;0;xxx
14983;23282;0;0;1;1;0,032;NULL;0;NULL;0;NULL;0;NULL;0;NULL;0;NULL;0;NULL;0;NULL;0;NULL;0;xxx
14983;23283;0;0;1;1;0,0295;NULL;0;NULL;0;NULL;0;NULL;0;NULL;0;NULL;0;NULL;0;NULL;0;NULL;0;xxx
14983;23284;0;0;1;1;0,0385;NULL;0;NULL;0;NULL;0;NULL;0;NULL;0;NULL;0;NULL;0;NULL;0;NULL;0;xxx
14984;23285;0;0;1;1;0,0365;NULL;0;NULL;0;NULL;0;NULL;0;NULL;0;NULL;0;NULL;0;NULL;0;NULL;0;xxx
14984;23286;0;0;1;1;0,0335;NULL;0;NULL;0;NULL;0;NULL;0;NULL;0;NULL;0;NULL;0;NULL;0;NULL;0;xxx
14984;23287;0;0;1;1;0,03;NULL;0;NULL;0;NULL;0;NULL;0;NULL;0;NULL;0;NULL;0;NULL;0;NULL;0;xxx
14985;23288;0;0;1;1;0,0395;NULL;0;NULL;0;NULL;0;NULL;0;NULL;0;NULL;0;NULL;0;NULL;0;NULL;0;xxx
14985;23289;0;0;1;1;0,032;NULL;0;NULL;0;NULL;0;NULL;0;NULL;0;NULL;0;NULL;0;NULL;0;NULL;0;xxx
14985;23290;0;0;1;1;0,0285;NULL;0;NULL;0;NULL;0;NULL;0;NULL;0;NULL;0;NULL;0;NULL;0;NULL;0;xxx
14986;23291;0;0;1;1;0,0365;NULL;0;NULL;0;NULL;0;NULL;0;NULL;0;NULL;0;NULL;0;NULL;0;NULL;0;xxx
14986;23292;0;0;1;1;0,0265;NULL;0;NULL;0;NULL;0;NULL;0;NULL;0;NULL;0;NULL;0;NULL;0;NULL;0;xxx
14986;23293;0;0;1;1;0,0365;NULL;0;NULL;0;NULL;0;NULL;0;NULL;0;NULL;0;NULL;0;NULL;0;NULL;0;xxx
14987;23294;0;0;1;1;0,025;NULL;0;NULL;0;NULL;0;NULL;0;NULL;0;NULL;0;NULL;0;NULL;0;NULL;0;xxx
14987;23295;0;0;1;1;0,04;NULL;0;NULL;0;NULL;0;NULL;0;NULL;0;NULL;0;NULL;0;NULL;0;NULL;0;xxx
14987;23296;0;0;1;1;0,035;NULL;0;NULL;0;NULL;0;NULL;0;NULL;0;NULL;0;NULL;0;NULL;0;NULL;0;xxx
14988;23297;0;0;1;1;0,03;NULL;0;NULL;0;NULL;0;NULL;0;NULL;0;NULL;0;NULL;0;NULL;0;NULL;0;xxx
14988;23298;0;0;1;1;0,025;NULL;0;NULL;0;NULL;0;NULL;0;NULL;0;NULL;0;NULL;0;NULL;0;NULL;0;xxx
14988;23299;0;0;1;1;0,045;NULL;0;NULL;0;NULL;0;NULL;0;NULL;0;NULL;0;NULL;0;NULL;0;NULL;0;xxx
14989;23300;0;0;1;1;0,0365;NULL;0;NULL;0;NULL;0;NULL;0;NULL;0;NULL;0;NULL;0;NULL;0;NULL;0;xxx
14989;23301;0;0;1;1;0,041;NULL;0;NULL;0;NULL;0;NULL;0;NULL;0;NULL;0;NULL;0;NULL;0;NULL;0;xxx
14989;23302;0;0;1;1;0,0225;NULL;0;NULL;0;NULL;0;NULL;0;NULL;0;NULL;0;NULL;0;NULL;0;NULL;0;xxx
14990;23303;0;0;1;1;0,0315;NULL;0;NULL;0;NULL;0;NULL;0;NULL;0;NULL;0;NULL;0;NULL;0;NULL;0;xxx
14990;23304;0;0;1;1;0,029;NULL;0;NULL;0;NULL;0;NULL;0;NULL;0;NULL;0;NULL;0;NULL;0;NULL;0;xxx
14990;23305;0;0;1;1;0,0395;NULL;0;NULL;0;NULL;0;NULL;0;NULL;0;NULL;0;NULL;0;NULL;0;NULL;0;xxx
5858;10619;0;0;1;1;0,0465;NULL;0;NULL;0;NULL;0;NULL;0;NULL;0;NULL;0;NULL;0;NULL;0;NULL;0;xxx
5858;10620;0;0;1;1;0,042833;NULL;0;NULL;0;NULL;0;NULL;0;NULL;0;NULL;0;NULL;0;NULL;0;NULL;0;xxx
5858;10621;0;0;1;1;0,010667;NULL;0;NULL;0;NULL;0;NULL;0;NULL;0;NULL;0;NULL;0;NULL;0;NULL;0;xxx
5859;10622;0;0;1;1;0,0455;NULL;0;NULL;0;NULL;0;NULL;0;NULL;0;NULL;0;NULL;0;NULL;0;NULL;0;xxx
5859;10623;0;0;1;1;0,040833;NULL;0;NULL;0;NULL;0;NULL;0;NULL;0;NULL;0;NULL;0;NULL;0;NULL;0;xxx
5859;10624;0;0;1;1;0,013667;NULL;0;NULL;0;NULL;0;NULL;0;NULL;0;NULL;0;NULL;0;NULL;0;NULL;0;xxx
5860;10625;0;0;1;1;0,04;NULL;0;NULL;0;NULL;0;NULL;0;NULL;0;NULL;0;NULL;0;NULL;0;NULL;0;xxx
5860;10626;0;0;1;1;0,025;NULL;0;NULL;0;NULL;0;NULL;0;NULL;0;NULL;0;NULL;0;NULL;0;NULL;0;xxx
5860;10627;0;0;1;1;0,035;NULL;0;NULL;0;NULL;0;NULL;0;NULL;0;NULL;0;NULL;0;NULL;0;NULL;0;xxx
5861;10628;0;0;1;1;0,035;NULL;0;NULL;0;NULL;0;NULL;0;NULL;0;NULL;0;NULL;0;NULL;0;NULL;0;xxx
5861;10629;0;0;1;1;0,02;NULL;0;NULL;0;NULL;0;NULL;0;NULL;0;NULL;0;NULL;0;NULL;0;NULL;0;xxx
5861;10630;0;0;1;1;0,045;NULL;0;NULL;0;NULL;0;NULL;0;NULL;0;NULL;0;NULL;0;NULL;0;NULL;0;xxx
5862;10631;0;0;1;1;0,040833;NULL;0;NULL;0;NULL;0;NULL;0;NULL;0;NULL;0;NULL;0;NULL;0;NULL;0;xxx
5862;10632;0;0;1;1;0,018167;NULL;0;NULL;0;NULL;0;NULL;0;NULL;0;NULL;0;NULL;0;NULL;0;NULL;0;xxx
5862;10633;0;0;1;1;0,040833;NULL;0;NULL;0;NULL;0;NULL;0;NULL;0;NULL;0;NULL;0;NULL;0;NULL;0;xxx
5863;10634;0;0;1;1;0,045;NULL;0;NULL;0;NULL;0;NULL;0;NULL;0;NULL;0;NULL;0;NULL;0;NULL;0;xxx
5863;10635;0;0;1;1;0,0075;NULL;0;NULL;0;NULL;0;NULL;0;NULL;0;NULL;0;NULL;0;NULL;0;NULL;0;xxx
5863;10636;0;0;1;1;0,0475;NULL;0;NULL;0;NULL;0;NULL;0;NULL;0;NULL;0;NULL;0;NULL;0;NULL;0;xxx
5864;10637;0;0;1;1;0,041167;NULL;0;NULL;0;NULL;0;NULL;0;NULL;0;NULL;0;NULL;0;NULL;0;NULL;0;xxx
5864;10638;0;0;1;1;0,032333;NULL;0;NULL;0;NULL;0;NULL;0;NULL;0;NULL;0;NULL;0;NULL;0;NULL;0;xxx
5864;10639;0;0;1;1;0,0265;NULL;0;NULL;0;NULL;0;NULL;0;NULL;0;NULL;0;NULL;0;NULL;0;NULL;0;xxx
5865;10640;0;0;1;1;0,0185;NULL;0;NULL;0;NULL;0;NULL;0;NULL;0;NULL;0;NULL;0;NULL;0;NULL;0;xxx
5865;10641;0;0;1;1;0,044667;NULL;0;NULL;0;NULL;0;NULL;0;NULL;0;NULL;0;NULL;0;NULL;0;NULL;0;xxx
5865;10642;0;0;1;1;0,036833;NULL;0;NULL;0;NULL;0;NULL;0;NULL;0;NULL;0;NULL;0;NULL;0;NULL;0;xxx
5866;10643;0;0;1;1;0,0115;NULL;0;NULL;0;NULL;0;NULL;0;NULL;0;NULL;0;NULL;0;NULL;0;NULL;0;xxx
5866;10644;0;0;1;1;0,046167;NULL;0;NULL;0;NULL;0;NULL;0;NULL;0;NULL;0;NULL;0;NULL;0;NULL;0;xxx
23308;10699;0;0;1;1;0,089333;NULL;0;NULL;0;NULL;0;NULL;0;NULL;0;NULL;0;NULL;0;NULL;0;NULL;0;xxx
23308;10700;0;0;1;1;0,029;NULL;0;NULL;0;NULL;0;NULL;0;NULL;0;NULL;0;NULL;0;NULL;0;NULL;0;xxx
23308;10701;0;0;1;1;0,819;NULL;0;NULL;0;NULL;0;NULL;0;NULL;0;NULL;0;NULL;0;NULL;0;NULL;0;xxx
23308;10702;0;0;1;1;0,815667;NULL;0;NULL;0;NULL;0;NULL;0;NULL;0;NULL;0;NULL;0;NULL;0;NULL;0;xxx
23308;10703;0;0;1;1;0,78;NULL;0;NULL;0;NULL;0;NULL;0;NULL;0;NULL;0;NULL;0;NULL;0;NULL;0;xxx
14937;10704;0;0;1;1;0,0115;NULL;0;NULL;0;NULL;0;NULL;0;NULL;0;NULL;0;NULL;0;NULL;0;NULL;0;xxx
14937;10705;0;0;1;1;0,042333;NULL;0;NULL;0;NULL;0;NULL;0;NULL;0;NULL;0;NULL;0;NULL;0;NULL;0;xxx
14937;10706;0;0;1;1;0,412833;NULL;0;NULL;0;NULL;0;NULL;0;NULL;0;NULL;0;NULL;0;NULL;0;NULL;0;xxx
14938;10707;0;0;1;1;0,023;NULL;0;NULL;0;NULL;0;NULL;0;NULL;0;NULL;0;NULL;0;NULL;0;NULL;0;xxx
14938;10708;0;0;1;1;0,042333;NULL;0;NULL;0;NULL;0;NULL;0;NULL;0;NULL;0;NULL;0;NULL;0;NULL;0;xxx
14938;10709;0;0;1;1;0,034667;NULL;0;NULL;0;NULL;0;NULL;0;NULL;0;NULL;0;NULL;0;NULL;0;NULL;0;xxx
14939;10710;0;0;1;1;0,0445;NULL;0;NULL;0;NULL;0;NULL;0;NULL;0;NULL;0;NULL;0;NULL;0;NULL;0;xxx
14939;10711;0;0;1;1;0,016667;NULL;0;NULL;0;NULL;0;NULL;0;NULL;0;NULL;0;NULL;0;NULL;0;NULL;0;xxx
14939;10712;0;0;1;1;0,038833;NULL;0;NULL;0;NULL;0;NULL;0;NULL;0;NULL;0;NULL;0;NULL;0;NULL;0;xxx
14940;10713;0;0;1;1;0,046667;NULL;0;NULL;0;NULL;0;NULL;0;NULL;0;NULL;0;NULL;0;NULL;0;NULL;0;xxx
14940;10714;0;0;1;1;0,043333;NULL;0;NULL;0;NULL;0;NULL;0;NULL;0;NULL;0;NULL;0;NULL;0;NULL;0;xxx
14940;10715;0;0;1;1;0,01;NULL;0;NULL;0;NULL;0;NULL;0;NULL;0;NULL;0;NULL;0;NULL;0;NULL;0;xxx
14941;10716;0;0;1;1;0,04;NULL;0;NULL;0;NULL;0;NULL;0;NULL;0;NULL;0;NULL;0;NULL;0;NULL;0;xxx
14941;10717;0;0;1;1;0,026667;NULL;0;NULL;0;NULL;0;NULL;0;NULL;0;NULL;0;NULL;0;NULL;0;NULL;0;xxx
14941;10718;0;0;1;1;0,033333;NULL;0;NULL;0;NULL;0;NULL;0;NULL;0;NULL;0;NULL;0;NULL;0;NULL;0;xxx
