dwHiveID;btKeepMonsterCountType;dwOverwriteMaxTotalCount;fMonsterCountPerPC;dwSpawnSpeedIncreaseRate;dwMaxIncreaseRate;btFlag;GameWorldID;HatchObjType;szDescString128
2;0;0;0;0;0;0;1;2;"NPC ??¾?"
5;0;0;0;0;0;0;1;2;"NPC ?·?²"
6;0;0;0;0;0;0;1;2;"NPC ???º"
8;0;0;0;0;0;0;1;2;"Ver±??¹070726"
9;0;0;0;0;0;0;1;2;"NPC ·?????"
10;0;0;0;0;0;0;1;2;"NPC ????¸¶??"
11;0;0;0;0;0;0;1;2;"NPC ?¸??¶?¸¶?­"
12;0;0;0;0;0;0;1;2;"NPC ??½º?ºÆ¼³???"
14;0;2;0;0;0;0;1;1;"¿?¸ª????[80*54]"
80;1;0;30;30;80;0;1;1;"??¾? ½?(´?¾?±?)"
81;1;0;40;30;80;0;1;1;"??¾? ??¿ø(¸?·®)"
82;1;0;20;30;80;0;1;1;"??¾? ??¿ø(¼?¾?±?)"
83;1;0;20;30;80;0;1;1;"??¾? ±¸¸ª(±³)"
84;1;0;20;30;80;0;1;1;"??¾? ½?(´??º±³)"
85;1;0;20;30;80;0;1;1;"??¾? ±¸¸ª(´?¾?±?)"
86;1;0;10;30;80;0;1;1;"??¾? ¹???(º?¼®±?)"
87;1;0;30;30;80;0;1;1;"??¾? ´?(¼?±?)"
88;1;0;30;30;80;0;1;1;"??¾? ´?(±³)"
89;1;0;20;30;80;0;1;1;"??¾? ¹???(¼®?¤±?)"
91;1;70;10;30;80;0;1;1;"?ø½??²¸ª(º?¼®·?)"
92;1;0;15;30;80;0;1;1;"??¾? ½?2(¿???)"
93;1;0;10;30;80;0;1;1;"???÷??1(¸???)"
94;1;0;10;30;80;0;1;1;"???÷??(¹???)"
95;1;0;20;30;80;0;1;1;"???÷??(º???)"
96;1;0;10;30;80;0;1;1;"???÷??(º???±?¼?)"
97;1;0;20;30;80;0;1;1;"??¾?³ª·???(?ø??)"
99;1;0;20;30;80;0;1;1;"¼­¿ª³ª·?(?ø??)"
101;1;0;10;30;80;0;1;1;"¼­¿ª1(±??·?æ)"
102;1;0;20;30;80;0;1;1;"¼­¿ª1(?ø??)"
103;1;0;15;30;80;0;1;1;"Æ???(??³?±?º´)"
104;1;0;10;30;80;0;1;1;"?·?²??±¸(??±?)"
105;0;0;10;30;80;0;1;1;"¼­¿ª2(±???¸¶)"
106;1;0;5;30;80;0;1;1;"??°?(??±???¼???)"
107;1;0;2;30;80;0;1;1;"??°?(?­¾???±?)"
108;1;0;10;30;80;0;1;1;"º???±æ(?­¾???±?)"
109;1;0;10;30;80;0;1;1;"º???±æ(??±?)"
110;1;0;20;30;80;0;1;1;"¼­¿ª3(????)"
112;1;0;20;30;80;0;1;1;"¼­¿ª3(±?¼?¸¶)"
113;1;0;10;30;80;0;1;1;"?²¹???(??°?)"
114;1;80;15;30;80;0;1;1;"¿?¾Æ½?½º(?÷???­)"
116;1;0;10;30;80;0;1;1;"¿?¾Æ½?½º(??°?)"
117;1;0;20;30;80;0;1;1;"°?¿ø(¿?)"
119;1;0;10;30;80;0;1;1;"°?¿ø2(?æ¸·±?¼?)"
120;1;0;20;30;80;0;1;1;"°?¿ø2(?æ¸·????)"
121;1;0;10;30;80;0;1;1;"?×?½??°?°?(??¾?¸¶)"
122;1;0;10;30;80;0;1;1;"°?¿ø4(??¿?¿?)"
124;1;0;10;30;80;0;1;1;"°?¿ø5(????°?)"
126;1;0;30;30;80;0;1;1;"°?¿ø3(?æ¸·????)"
127;1;0;20;30;80;0;1;1;"°?¿ø3(?æ¸·??¼?)"
128;1;0;20;30;80;0;1;1;"?æ¸·´?¼?±¼"
129;1;0;10;30;80;0;1;1;"???º1(¸¶¿?)"
131;1;0;20;30;80;0;1;1;"???º3(ºÐ¿?)"
132;1;0;10;30;80;0;1;1;"???º4(?¶????)"
133;1;130;15;30;60;0;1;1;"???º2(±????­)"
135;1;0;20;30;80;0;1;1;"??¶???¶÷??±¸(¹???±?)"
136;1;0;5;30;80;0;1;1;"??¶???¶÷1(¹?¸???)"
137;1;0;5;30;80;0;1;1;"??¶???¶÷3(°?´?¹?¸???)"
138;1;0;15;30;80;0;1;1;"??¶???¶÷4(¿¹Æ¼)"
139;1;120;15;30;60;0;1;1;"??¶???¶÷2(???þ??)"
140;1;0;10;30;80;0;1;1;"°?´???????º?(Æ?³?Æ?????)"
141;1;0;5;30;80;0;1;1;"°?´???????º?(??¶?³ª)"
148;1;0;15;30;80;0;1;1;"¼­¿ª±æ(¸¶?·?æ)"
149;1;0;10;30;80;0;1;1;"?·?²??±¸(?­¾???¾Æ±?)"
150;1;0;20;30;80;0;1;1;"º???±æ(??¾Æ±?)"
152;1;0;5;30;80;0;1;1;"???º2¾Æ·¡(?¶????)"
156;1;0;15;30;80;0;1;1;"°?´???????º?(¼?³ª)"
157;1;0;15;30;80;0;1;1;"°?´???????º?(Æ?³?¿?¸®¾?)"
158;1;0;30;30;60;0;1;1;"º???´?¼?±¼"
162;1;0;5;30;80;0;1;1;"???º2(?¶????)"
163;1;50;15;30;80;0;1;1;"¿?¾Æ½?½º(?÷¸¶?­)"
164;1;0;15;30;80;0;1;1;"¿???½?(¼?¾?±?)"
165;1;0;15;30;80;0;1;1;"?ß±¹´?(¼?±?³?¿¹)"
166;1;0;15;30;80;0;1;1;"¹???(º?¼®·?)"
167;1;0;10;30;80;0;1;1;"???º4(±?????)"
168;1;0;10;30;80;0;1;1;"???º2¾Æ·¡(±?????)"
169;1;0;15;30;80;0;1;1;"??¶???¶÷??±¸(¿???±?)"
170;1;0;10;30;80;0;1;1;"??¶???¶÷1(??¸???)"
171;1;120;15;30;80;0;1;1;"??¶???¶÷2(???þ??)"
173;1;0;10;30;80;0;1;1;"???º3(¼?ºÐ¿?)"
174;0;0;10;30;80;0;1;1;"??¶???¶÷3(°?´???¸???)"
175;1;0;10;30;80;0;1;1;"??¶???¶÷4(¸¶½?¿¹Æ¼)"
176;1;135;10;30;80;0;1;1;"?ø½??²¸ª(º?¼­?ø¼®?¤±?)"
177;1;140;10;30;80;0;1;1;"?ø½??²¸ª(¼®?¤±?)"
178;1;0;10;30;80;0;1;1;"º???´?¼?±¼2?þ"
180;0;0;0;0;0;0;1;1;"?·?²1?þ?ß¾?"
181;0;0;0;0;0;0;1;1;"?·?²1?þ??¹æ"
182;0;0;0;0;0;0;1;1;"?·?²2?þ?ß¾?"
183;0;0;0;0;0;0;1;1;"?·?²2?þ??¹æ"
184;0;0;0;0;0;0;1;1;"?·?²3?þ?ß¾?"
185;0;0;0;0;0;0;1;1;"?·?²3?þ??¹æ"
186;0;0;0;0;0;0;1;1;"?·?²4?þ?ß¾?"
187;0;0;0;0;0;0;1;1;"?·?²4?þ?ß¾?"
193;0;1;0;0;0;0;1;1;"??³?"
194;0;1;0;0;0;0;1;1;"¿?¸??¡"
195;0;1;0;0;0;0;1;1;"??½´?¸¸?"
206;0;0;0;0;0;0;1;1;"d_?·?²1?þ?ß¾?"
207;0;0;0;0;0;0;1;1;"d_?·?²1?þ??¹æ"
208;0;0;0;0;0;0;1;1;"d_?·?²2?þ?ß¾?"
209;0;0;0;0;0;0;1;1;"d_?·?²2?þ??¹æ"
210;0;0;0;0;0;0;1;1;"d_?·?²3?þ?ß¾?"
211;0;0;0;0;0;0;1;1;"d_?·?²3?þ??¹æ"
212;0;0;0;0;0;0;1;1;"d_?·?²4?þ?ß¾?"
213;0;0;0;0;0;0;1;1;"d_?·?²4?þ?ß¾?"
215;0;0;0;0;0;0;1;1;"?¸??1(??··??)"
216;0;0;0;0;0;0;1;1;"?¸??2(¹°°?±?)"
217;0;0;0;0;0;0;1;1;"?¸??3(´?±?¸®)¿?¸?"
218;0;0;0;0;0;0;1;1;"?¸??3(´?±?¸®)¿Þ"
219;0;0;0;0;0;0;1;1;"?¸??4(´?¾ß????)"
222;0;0;0;0;0;0;1;1;"?¸??5(´?¾ß±?¼?)"
223;0;0;0;0;0;0;1;1;"?¸??6(´?¾ß¹???)"
224;0;0;0;0;0;0;1;1;"?¸??7(´?¾ß??±º)"
225;0;1;0;0;0;0;1;1;"?¸??8(¾ß¸??­)"
235;0;0;0;0;0;0;1;1;"·???1_Æ?´??¼?º ±æ?? ??¶? Æ?´???·???¿? ¸¶½º??°¡ ¼®¿? ??´?."
236;0;0;0;0;0;0;1;1;"·???2_Æ?´???°?¸®¸? ?ß½??¸·? ?¼?º ±æ?? ??¶? Æ?´?¸¶½º??¿? Æ?´???·???°¡ ¼?¿? ??´?."
237;0;0;0;0;0;0;1;1;"·???3_Æ?´?±æ?? ??¶? ?ß¾?¿¡´? ¼±°ø?? °?¿?Æ®°¡ ¹?±?¿¡´? ?þ¿?¾?°¡ ¹??¡??¾? ??´?."
238;0;0;0;0;0;0;1;1;"·???4_??±?"
239;0;0;0;0;0;0;1;1;"·???5_??±?"
240;0;0;0;0;0;0;1;1;"·???6_??±?"
241;0;0;0;0;0;0;1;1;"·???7_??±?"
242;0;0;0;0;0;0;1;1;"·???8_??±?"
243;0;0;0;0;0;0;1;1;"·???9_°?Æ®"
244;0;0;0;0;0;0;1;1;"·???10_°?Æ®"
245;0;0;0;0;0;0;1;1;"·???11_°?Æ®"
246;0;0;0;0;0;0;1;1;"·???12_°?Æ®"
247;0;0;0;0;0;0;1;1;"·???13_°¡??·????? ³???º?¿?¸®"
248;0;0;0;0;0;0;1;1;"·???14_°¡??"
249;0;0;0;0;0;0;1;1;"·???15_°¡??"
250;0;0;0;0;0;0;1;1;"·???16_¾ØÆ¼·????? º??? ¾ØÆ¼³??? ¾ØÆ²·???"
251;0;0;0;0;0;0;1;1;"·???17_¾ØÆ¼·????? ³²?? ¾ØÆ¼³??? ¾ØÆ²·???"
252;0;0;0;0;0;0;1;1;"·???18_?¼¼­"
253;0;0;0;0;0;0;1;1;"·???19_?¼¼­"
254;0;0;0;0;0;0;1;1;"·???20_?¼¼­"
255;0;0;0;0;0;0;1;1;"·???21_·??°"
256;0;0;0;0;0;0;1;1;"·???22_¿¹º?1"
257;0;0;0;0;0;0;1;1;"·???23_¿¹º?2"
258;0;0;0;0;0;0;1;1;"·???24_¿¹º?3"
259;0;1;0;0;0;0;1;1;"·???25_¸¶??·????? ¸¶?? ?þ???º"
260;0;0;0;0;0;0;1;1;"·???26_????"
261;0;0;0;0;0;0;1;1;"·???27_¿¹º?4"
262;0;0;0;0;0;0;1;1;"·???28_¿¹º?5"
267;0;0;0;0;0;0;1;1;"·???_³?7°³?? º?¿?¸® ?ß 116, 95?? º?¿?¸®"
268;0;0;0;0;0;0;1;1;"·???_´?7°³?? º?¿?¸® ?ß 107, 95?? º?¿?¸®"
269;0;0;0;0;0;0;1;1;"·???_²¿¸®7°³?? º?¿?¸® ?ß 107, 87?? º?¿?¸®"
270;0;0;0;0;0;0;1;1;"·???_º?¸®7°³?? º?¿?¸® ?ß 116, 87?? º?¿?¸®"
271;0;0;0;0;0;0;1;1;"·???_½???7°³?? º?¿?¸® ?ß 111, 93?? º?¿?¸®"
272;0;0;0;0;0;0;1;1;"·???_¹ß??7°³?? º?¿?¸® ?ß 109, 90?? º?¿?¸®"
273;0;0;0;0;0;0;1;1;"·???_³?°³7°³?? º?¿?¸® ?ß 113, 91?? º?¿?¸®"
276;0;0;0;0;0;0;1;1;"?¿??·´1"
277;0;0;0;0;0;0;1;1;"?¿??·´2"
278;0;0;0;0;0;0;1;1;"?¿??·´3"
279;0;0;0;0;0;0;1;1;"?¿??·´4"
281;0;0;0;0;0;0;1;1;"?¿??·´5"
282;0;0;0;0;0;0;1;1;"?¿??·´6"
283;0;0;0;0;0;0;1;1;"?¿??·´7"
284;0;0;0;0;0;0;1;1;"?¿??·´8"
285;0;0;0;0;0;0;1;1;"?¿??·´9"
286;0;0;0;0;0;0;1;1;"?¿??·´10"
287;0;0;0;0;0;0;1;1;"?¿??·´12"
288;0;0;0;0;0;0;1;1;"?¿??·´13"
289;0;0;0;0;0;0;1;1;"?¿??·´14"
298;0;1;0;0;0;0;1;1;"?¿??·´??´???"
300;0;0;0;0;0;0;1;2;"NPC ¼?¾Æ½?¾Æ"
301;0;0;0;0;0;0;1;2;"NPC ?ß¾?¾Æ½?¾Æ"
302;0;0;0;0;0;0;1;1;"AM02?Ø¾??ß¾?"
303;0;0;0;0;0;0;1;1;"AM01?Ø¾?º?"
304;0;0;0;0;0;0;1;1;"AM03?Ø¾?³²"
305;0;0;0;0;0;0;1;1;"AM07??º? ¿???"
306;0;0;0;0;0;0;1;1;"AM11¿ø?? ±Ø??"
307;0;0;0;0;0;0;1;1;"AM06¿?¸ø ????"
308;0;0;0;0;0;0;1;1;"AM05¾Æ¶?¶?Æ®??"
309;0;0;0;0;0;0;1;1;"AM12¾Æ³ª??¸®¾Æ"
310;0;0;0;0;0;0;1;1;"AM09??·¹¿?"
311;0;0;0;0;0;0;1;1;"AM10??¶????¾"
312;0;0;0;0;0;0;1;1;"AM04Æ?¹??®·¹"
315;0;0;0;0;0;0;1;1;"AM08¿ø??±Ø??¼­??"
316;0;0;0;0;0;0;1;1;"AM13¸???¿ø"
317;0;0;0;0;0;0;1;1;"CA1"
318;0;0;0;0;0;0;1;1;"CA2"
319;0;0;0;0;0;0;1;1;"CA3"
320;0;0;0;0;0;0;1;1;"CA4"
321;0;0;0;0;0;0;1;1;"CA5"
323;0;0;0;0;0;0;1;1;"CA6"
327;0;0;0;0;0;0;1;1;"EU ??½ºÆ®"
328;0;0;0;0;0;0;1;1;"AM ??½ºÆ®"
329;0;0;0;0;0;0;1;1;"CA ??½ºÆ®"
331;0;0;0;0;0;0;2;2;"NPC ¿??? ??¾?"
332;0;1;0;0;0;0;1;1;"AM??´???"
366;0;0;0;0;0;0;1;1;"?ø½?F1_01"
367;0;0;0;0;0;0;1;1;"?ø½?F2_01"
368;0;0;0;0;0;0;1;1;"?ø½?F2_02"
369;0;0;0;0;0;0;1;1;"?ø½?F2_03"
370;0;0;0;0;0;0;1;1;"?ø½?F2_04"
371;0;0;0;0;0;0;1;1;"?ø½?F2_05"
372;0;0;0;0;0;0;1;1;"?ø½?F2_06"
373;0;0;0;0;0;0;1;1;"?ø½?F2_07"
374;0;0;0;0;0;0;1;1;"?ø½?F2_08"
375;0;0;0;0;0;0;1;1;"?ø½?F2_09"
376;0;0;0;0;0;0;1;1;"?ø½?F2_10"
377;0;0;0;0;0;0;1;1;"?ø½?F2_11"
378;0;0;0;0;0;0;1;1;"?ø½?F2_12"
379;0;0;0;0;0;0;1;1;"?ø½?F2_13"
380;0;0;0;0;0;0;1;1;"?ø½?F2_14"
381;0;0;0;0;0;0;1;1;"?ø½?F2_15"
382;0;0;0;0;0;0;1;2;"?ø½?F2_????"
384;0;0;0;0;0;0;1;1;"?ø½?F3_03_S"
385;0;0;0;0;0;0;1;1;"?ø½?F3_03_T"
386;0;0;0;0;0;0;1;1;"?ø½?F3_03_E"
387;0;0;0;0;0;0;1;1;"?ø½?F3_03_B"
388;0;0;0;0;0;0;1;1;"?ø½?F3_06_S"
389;0;0;0;0;0;0;1;1;"?ø½?F3_06_T"
390;0;0;0;0;0;0;1;1;"?ø½?F3_06_E"
391;0;0;0;0;0;0;1;1;"?ø½?F3_06_B"
392;0;0;0;0;0;0;1;1;"?ø½?F3_09_S"
393;0;0;0;0;0;0;1;1;"?ø½?F3_09_T"
394;0;0;0;0;0;0;1;1;"?ø½?F3_09_E"
395;0;0;0;0;0;0;1;1;"?ø½?F3_09_B"
396;0;0;0;0;0;0;1;1;"?ø½?F3_12_S"
397;0;0;0;0;0;0;1;1;"?ø½?F3_12_T"
398;0;0;0;0;0;0;1;1;"?ø½?F3_12_E"
399;0;0;0;0;0;0;1;1;"?ø½?F3_12_B"
400;0;0;0;0;0;0;1;1;"?ø½?F3_??·?"
401;0;0;0;0;0;0;1;1;"?ø½?F4_??¸°??03"
402;0;0;0;0;0;0;1;1;"?ø½?F4_??¸°??06"
403;0;0;0;0;0;0;1;1;"?ø½?F4_??¸°??09"
404;0;0;0;0;0;0;1;1;"?ø½?F4_??¸°??12"
405;0;0;0;0;0;0;1;1;"?ø½?F4_º?²???·?1"
406;0;0;0;0;0;0;1;1;"?ø½?F4_º?²???·?2"
407;0;0;0;0;0;0;1;1;"?ø½?F4_º?²???·?3"
408;0;0;0;0;0;0;1;1;"?ø½?F4_º?²???·?4"
409;0;0;0;0;0;0;1;1;"?ø½?F4_¹?¶÷??·?1"
410;0;0;0;0;0;0;1;1;"?ø½?F4_¹?¶÷??·?2"
411;0;0;0;0;0;0;1;1;"?ø½?F4_¹?¶÷??·?3"
412;0;0;0;0;0;0;1;1;"?ø½?F4_¹?¶÷??·?4"
413;0;0;0;0;0;0;1;1;"?ø½?F4_??¸°¿°1"
414;0;0;0;0;0;0;1;1;"?ø½?F4_??¸°¿°2"
415;0;0;0;0;0;0;1;1;"?ø½?F4_??¸°¿°3"
416;0;0;0;0;0;0;1;1;"?ø½?F4_??¸°¿°4"
417;0;0;0;0;0;0;1;1;"?ø½?F4_??¸°??1"
418;0;0;0;0;0;0;1;1;"?ø½?F4_??¸°??2"
419;0;0;0;0;0;0;1;1;"?ø½?F4_??¸°??3"
420;0;0;0;0;0;0;1;1;"?ø½?F4_??¸°??4"
421;0;0;0;0;0;0;1;1;"?ø½?F1_??´???"
422;0;0;0;0;0;0;1;1;"?ø½?F2_??´???"
423;0;0;0;0;0;0;1;1;"?ø½?F3_??´???"
424;0;0;0;0;0;0;1;1;"?ø½?F4_??´???"
425;0;0;0;0;0;0;1;1;"?ø½?F5_??´???"
426;0;0;0;0;0;0;1;1;"?ø½?F6_??´???"
427;0;0;0;0;0;0;1;1;"?ø½?F4_?ß¾???·?"
428;0;0;0;0;0;0;1;1;"?ø½?F4_¿?°???·?"
429;0;1;0;0;0;0;1;1;"?ø½?F1_±?°?01"
430;0;1;0;0;0;0;1;1;"?ø½?F1_±?°?02"
431;0;1;0;0;0;0;1;1;"?ø½?F1_±?°?03"
432;0;1;0;0;0;0;1;1;"?ø½?F1_±?°?04"
433;0;1;0;0;0;0;1;1;"?ø½?F1_±?°?05"
434;0;1;0;0;0;0;1;1;"?ø½?F1_±?°?06"
435;0;1;0;0;0;0;1;1;"?ø½?F1_±?°?07"
436;0;1;0;0;0;0;1;1;"?ø½?F1_±?°?08"
437;0;1;0;0;0;0;1;1;"?ø½?F1_±?°?09"
438;0;1;0;0;0;0;1;1;"?ø½?F1_±?°?10"
439;0;1;0;0;0;0;1;1;"?ø½?F2_±?°?01"
440;0;1;0;0;0;0;1;1;"?ø½?F2_±?°?02"
441;0;1;0;0;0;0;1;1;"?ø½?F2_±?°?03"
442;0;1;0;0;0;0;1;1;"?ø½?F2_±?°?04"
443;0;1;0;0;0;0;1;1;"?ø½?F2_±?°?05"
444;0;1;0;0;0;0;1;1;"?ø½?F2_±?°?06"
445;0;1;0;0;0;0;1;1;"?ø½?F2_±?°?07"
446;0;1;0;0;0;0;1;1;"?ø½?F2_±?°?08"
447;0;1;0;0;0;0;1;1;"?ø½?F2_±?°?09"
448;0;1;0;0;0;0;1;1;"?ø½?F2_±?°?10"
449;0;1;0;0;0;0;1;1;"?ø½?F2_±?°?11"
450;0;1;0;0;0;0;1;1;"?ø½?F2_±?°?12"
451;0;1;0;0;0;0;1;1;"?ø½?F2_±?°?13"
452;0;1;0;0;0;0;1;1;"?ø½?F2_±?°?14"
453;0;1;0;0;0;0;1;1;"?ø½?F2_±?°?15"
454;0;1;0;0;0;0;1;1;"?ø½?F2_±?°?16"
455;0;1;0;0;0;0;1;1;"?ø½?F2_±?°?17"
456;0;1;0;0;0;0;1;1;"?ø½?F2_±?°?18"
457;0;1;0;0;0;0;1;1;"?ø½?F2_±?°?19"
458;0;1;0;0;0;0;1;1;"?ø½?F2_±?°?20"
459;0;1;0;0;0;0;1;1;"?ø½?F2_±?°?21"
460;0;1;0;0;0;0;1;1;"?ø½?F2_±?°?22"
461;0;1;0;0;0;0;1;1;"?ø½?F2_±?°?23"
462;0;1;0;0;0;0;1;1;"?ø½?F2_±?°?24"
463;0;1;0;0;0;0;1;1;"?ø½?F2_±?°?25"
464;0;1;0;0;0;0;1;1;"?ø½?F2_±?°?26"
465;0;1;0;0;0;0;1;1;"?ø½?F3_±?°?01"
466;0;1;0;0;0;0;1;1;"?ø½?F3_±?°?02"
467;0;1;0;0;0;0;1;1;"?ø½?F3_±?°?03"
468;0;1;0;0;0;0;1;1;"?ø½?F3_±?°?04"
469;0;1;0;0;0;0;1;1;"?ø½?F3_±?°?05"
470;0;1;0;0;0;0;1;1;"?ø½?F3_±?°?06"
471;0;1;0;0;0;0;1;1;"?ø½?F3_±?°?07"
472;0;1;0;0;0;0;1;1;"?ø½?F3_±?°?08"
473;0;1;0;0;0;0;1;1;"?ø½?F3_±?°?09"
474;0;1;0;0;0;0;1;1;"?ø½?F3_±?°?10"
475;0;1;0;0;0;0;1;1;"?ø½?F3_±?°?11"
476;0;1;0;0;0;0;1;1;"?ø½?F3_±?°?12"
477;0;1;0;0;0;0;1;1;"?ø½?F3_±?°?13"
478;0;1;0;0;0;0;1;1;"?ø½?F3_±?°?14"
479;0;1;0;0;0;0;1;1;"?ø½?F3_±?°?15"
480;0;1;0;0;0;0;1;1;"?ø½?F3_±?°?16"
481;0;1;0;0;0;0;1;1;"?ø½?F3_±?°?17"
482;0;1;0;0;0;0;1;1;"?ø½?F3_±?°?18"
483;0;1;0;0;0;0;1;1;"?ø½?F3_±?°?19"
484;0;1;0;0;0;0;1;1;"?ø½?F3_±?°?20"
485;0;1;0;0;0;0;1;1;"?ø½?F3_±?°?21"
486;0;1;0;0;0;0;1;1;"?ø½?F3_±?°?22"
487;0;1;0;0;0;0;1;1;"?ø½?F3_±?°?23"
488;0;1;0;0;0;0;1;1;"?ø½?F3_±?°?24"
489;0;1;0;0;0;0;1;1;"?ø½?F3_±?°?25"
490;0;1;0;0;0;0;1;1;"?ø½?F3_±?°?26"
491;0;1;0;0;0;0;1;1;"?ø½?F3_±?°?27"
492;0;1;0;0;0;0;1;1;"?ø½?F3_±?°?28"
493;0;1;0;0;0;0;1;1;"?ø½?F3_±?°?29"
494;0;1;0;0;0;0;1;1;"?ø½?F3_±?°?30"
495;0;1;0;0;0;0;1;1;"?ø½?F3_±?°?31"
496;0;1;0;0;0;0;1;1;"?ø½?F3_±?°?32"
497;0;1;0;0;0;0;1;1;"?ø½?F4_±?°?01"
498;0;1;0;0;0;0;1;1;"?ø½?F4_±?°?02"
499;0;1;0;0;0;0;1;1;"?ø½?F4_±?°?03"
500;0;1;0;0;0;0;1;1;"?ø½?F4_±?°?04"
501;0;1;0;0;0;0;1;1;"?ø½?F4_±?°?05"
502;0;1;0;0;0;0;1;1;"?ø½?F4_±?°?06"
503;0;1;0;0;0;0;1;1;"?ø½?F4_±?°?07"
504;0;1;0;0;0;0;1;1;"?ø½?F4_±?°?08"
505;0;1;0;0;0;0;1;1;"?ø½?F4_±?°?09"
506;0;1;0;0;0;0;1;1;"?ø½?F4_±?°?10"
507;0;1;0;0;0;0;1;1;"?ø½?F4_±?°?11"
508;0;1;0;0;0;0;1;1;"?ø½?F4_±?°?12"
509;0;1;0;0;0;0;1;1;"?ø½?F4_±?°?13"
510;0;1;0;0;0;0;1;1;"?ø½?F4_±?°?14"
511;0;1;0;0;0;0;1;1;"?ø½?F4_±?°?15"
512;0;1;0;0;0;0;1;1;"?ø½?F4_±?°?16"
513;0;1;0;0;0;0;1;1;"?ø½?F4_±?°?17"
514;0;1;0;0;0;0;1;1;"?ø½?F4_±?°?18"
515;0;1;0;0;0;0;1;1;"?ø½?F4_±?°?19"
516;0;1;0;0;0;0;1;1;"?ø½?F4_±?°?20"
517;0;1;0;0;0;0;1;1;"?ø½?F4_±?°?21"
518;0;1;0;0;0;0;1;1;"?ø½?F4_±?°?22"
519;0;1;0;0;0;0;1;1;"?ø½?F4_±?°?23"
520;0;1;0;0;0;0;1;1;"?ø½?F4_±?°?24"
521;0;0;0;0;0;0;1;1;"?ø½?F4_¿¹º?º?"
523;0;0;0;0;0;0;14;1;"?ø½??²¸ªF5"
524;0;0;0;0;0;0;14;1;"?ø½??²¸ªF5_¿¹º?"
525;0;0;0;0;0;0;15;1;"?ø½??²¸ªF6"
534;0;0;0;0;0;0;7;2;"NPC ¿??? º???"
538;0;0;0;0;0;0;4;2;"NPC ¿??? ???º"
545;0;20;0;0;0;0;1;1;"±??¶·???_??½ºÆ®?¤??º´ 10¸¶¸® ????°? 10¸¶¸®¾¿ ¸®?¨"
546;0;1;0;0;0;0;1;1;"±??¶·???_??½ºÆ®_?þ¿?¾?¿?¿ø?? ?ß±¸??´? ?þ¿?¾?°¡ 1¸¶¸®¾¿ ¸®?¨"
551;0;1;0;0;0;0;1;1;"???º_????±?"
554;0;0;0;0;0;0;1;2;"NPC_¾?·º????¸®¾Æ"
555;0;0;0;0;0;0;1;1;"?¨?¸(¿?³×±×)"
556;0;0;0;0;0;0;1;1;"?¨?¸(¿þ³×±×)"
557;0;0;0;0;0;0;1;1;"?¨?¸(????½ºÆ???´?)"
558;0;0;0;0;0;0;1;1;"?¨?¸(?¸??_?×³?)"
559;0;0;0;0;0;0;1;1;"?¨?¸(?÷??·¹??´?)"
560;0;0;0;0;0;0;1;1;"?¨?¸(??·?¾?·¹??´?)"
561;0;0;0;0;0;0;1;1;"?¨?¸(´???½º??¿?Æ®)"
562;0;0;0;0;0;0;1;1;"////////////////"
563;0;0;0;0;0;0;1;1;"¾Æ±×´?½?_Æø?³??¸·"
564;0;0;0;0;0;0;1;1;"?÷??¹?±×_Æø?³??¸·"
565;0;0;0;0;0;0;1;1;"¿¡º?¹?±×_Æø?³??¸·"
566;0;0;0;0;0;0;1;1;"½?·???½º_Æø?³??¸·"
567;0;0;0;0;0;0;1;1;"?÷????_Æø?³??¸·"
568;0;0;0;0;0;0;1;1;"?÷??½ºÆ?_Æø?³??¸·"
569;0;0;0;0;0;0;1;1;"½?·???_Æø?³??¸·"
570;0;0;0;0;0;0;1;1;"??º?¿?_Æø?³??¸·"
571;0;0;0;0;0;0;1;1;"¾Æ??´?½?¶?¸¶_Æø?³??¸·"
572;0;0;0;0;0;0;1;1;"¾Æ??·?_Æø?³??¸·"
574;0;0;0;0;0;0;1;1;"´???????¸®_¿?°¡°?°?"
575;0;0;0;0;0;0;1;1;"????Æ®¹?±×_??¸?½ºÆ???´?"
576;0;0;0;0;0;0;1;1;"º?·????÷??¸?_´????÷??¸?"
578;0;0;0;0;0;0;1;1;"º?·???????¿¡³ª_¿?°¡??°?°?"
579;0;0;0;0;0;0;1;1;"¿?·¹¿?½º_¿?°¡??°?°?"
580;0;0;0;0;0;0;1;1;"¸Þ??_¿?°¡??°?°?"
581;0;0;0;0;0;0;1;1;"¾Æ??¸?_¿?°¡??°?°?"
582;0;0;0;0;0;0;1;1;"?÷??_¿?°¡??°?°?"
583;0;0;0;0;0;0;1;1;"¸?Æ®?³·?_¿?°¡??°?°?"
584;0;0;0;0;0;0;1;1;"¾Æ??½º_??´???_¿?°¡??°?°?"
593;0;0;0;0;0;0;60;2;"½???_NPC"
596;0;0;0;0;0;0;60;1;"º??°?? ¼º¼?"
597;0;0;0;0;0;0;60;1;"??¹®?? ¼º¼?"
598;0;0;0;0;0;0;60;1;"½????? ¼º¼?"
599;0;0;0;0;0;0;60;1;"½?º??? ¼º¼?"
600;0;0;0;0;0;0;60;1;"¿?±¤?? ¼º¼?"
601;0;0;0;0;0;0;60;1;"¾????? ¼º¼?"
602;0;0;0;0;0;0;60;1;"?ª¸?´??? ¼º¼?"
603;0;0;0;0;0;0;60;1;"º??º´??? ¼º¼?"
611;0;0;0;0;0;0;57;1;"¹?´?1_½º????½º"
612;0;0;0;0;0;0;57;1;"¹?´?1_¶???Æ®´×????¸®"
613;0;0;0;0;0;0;57;1;"¹?´?1_??¸?¹?±×"
614;0;0;0;0;0;0;57;1;"¹?´?1_??·Ð"
615;0;0;0;0;0;0;57;1;"¹?´?1_¼¼??¸ÞÆ®"
616;0;0;0;0;0;0;57;1;"¹?´?1_³×??Æ¼½º"
617;0;0;0;0;0;0;57;1;"¹?´?1_??¹?½º?¸"
618;0;0;0;0;0;0;57;1;"¹?´?1_??·?½º"
619;0;0;0;0;0;0;57;1;"¹?´?1_¿?½?¸®½º"
620;0;0;0;0;0;0;58;1;"¹?´?2_½º????½º"
621;0;0;0;0;0;0;58;1;"¹?´?2_¶???Æ®´×????¸®"
622;0;0;0;0;0;0;58;1;"¹?´?2_??¸?¹?±×"
623;0;0;0;0;0;0;58;1;"¹?´?2_??·Ð"
624;0;0;0;0;0;0;58;1;"¹?´?2_¼¼??¸ÞÆ®"
625;0;0;0;0;0;0;58;1;"¹?´?2_³×??Æ¼½º"
626;0;0;0;0;0;0;58;1;"¹?´?2_??¹?½º?¸"
627;0;0;0;0;0;0;58;1;"¹?´?2_??·?½º"
628;0;0;0;0;0;0;58;1;"¹?´?2_¿?½?¸®½º"
629;0;0;0;0;0;0;59;1;"¹?´?3_½º????½º"
630;0;0;0;0;0;0;59;1;"¹?´?3_¶???Æ®´×????¸®"
631;0;0;0;0;0;0;59;1;"¹?´?3_??¸?¹?±×"
632;0;0;0;0;0;0;59;1;"¹?´?3_??·Ð"
633;0;0;0;0;0;0;59;1;"¹?´?3_¼¼??¸ÞÆ®"
634;0;0;0;0;0;0;59;1;"¹?´?3_³×??Æ¼½º"
635;0;0;0;0;0;0;59;1;"¹?´?3_??¹?½º?¸"
636;0;0;0;0;0;0;59;1;"¹?´?3_??·?½º"
637;0;0;0;0;0;0;59;1;"¹?´?3_¿?½?¸®½º"
638;0;0;0;0;0;0;51;1;"¼¿?°½º"
639;0;3;0;0;0;0;53;1;"????"
641;0;0;0;0;0;0;54;1;"??½?½º"
642;0;0;0;0;0;0;52;1;"³×??Æ®"
643;0;0;0;0;0;0;55;1;"??·?¿¡¸®½º"
644;0;0;0;0;0;0;56;1;"¼¼??Æ®"
645;0;0;0;0;0;0;53;1;"¾Æ´?º?½º"
647;0;0;0;0;0;0;61;2;"??·¹Æ÷Æ®"
655;0;15;0;0;0;0;61;1;"80_90"
656;0;15;0;0;0;0;61;1;"90_100"
657;0;3;0;0;0;0;61;1;"80_90_??´???"
658;0;3;0;0;0;0;61;1;"90_100_??´???"
659;0;15;0;0;0;0;61;1;"100_110"
660;0;15;0;0;0;0;61;1;"100_110"
661;0;3;0;0;0;0;61;1;"100_110_??´???1"
662;0;3;0;0;0;0;61;1;"100_110_??´???2"
663;0;15;0;0;0;0;61;1;"60_70"
664;0;15;0;0;0;0;61;1;"70_80"
665;0;3;0;0;0;0;61;1;"70_80_??´???"
666;0;3;0;0;0;0;61;1;"90_100_??´???"
667;0;0;0;0;0;0;79;2;"NPC"
674;0;0;0;0;0;0;63;2;"¼??? ¹× ??±¸ NPC"
675;0;0;0;0;0;0;63;1;"??¹?¸÷ 1?÷"
676;0;0;0;0;0;0;63;1;"??¹?¸÷ 2?÷"
677;0;0;0;0;0;0;63;1;"??¹?¸÷ 3?÷"
678;0;0;0;0;0;0;63;1;"??¹?¸÷ 4?÷"
679;0;0;0;0;0;0;63;1;"A??¿ª Æ®¸®°?1 ¿?º?"
680;0;0;0;0;0;0;63;1;"A??¿ª Æ®¸®°?2 ??¹?¸÷"
683;0;0;0;0;0;0;63;1;"A??¿ª Æ®¸®°?3 ??¹?¸÷´?·®"
684;0;0;0;0;0;0;63;1;"A??¿ª Æ®¸®°?4 ?ß°?º¸½º"
685;0;0;0;0;0;0;63;1;"B??¿ª Æ®¸®°?1 ¿?º?"
686;0;0;0;0;0;0;63;1;"B??¿ª Æ®¸®°?2 ??¹?¸÷"
687;0;0;0;0;0;0;63;1;"B??¿ª Æ®¸®°?3 ??¹?¸÷´?·®"
688;0;0;0;0;0;0;63;1;"B??¿ª Æ®¸®°?4 ?ß°?º¸½º"
689;0;0;0;0;0;0;63;1;"C??¿ª Æ®¸®°?1"
690;0;0;0;0;0;0;63;1;"C??¿ª Æ®¸®°?2"
691;0;0;0;0;0;0;63;1;"C??¿ª Æ®¸®°?3"
692;0;0;0;0;0;0;63;1;"C??¿ª Æ®¸®°?4"
693;0;0;0;0;0;0;64;2;"¼??? ¹× ??±¸ NPC"
694;0;0;0;0;0;0;64;1;"??¹?¸÷ 1?÷"
695;0;0;0;0;0;0;64;1;"??¹?¸÷ 2?÷"
696;0;0;0;0;0;0;64;1;"??¹?¸÷ 3?÷"
697;0;0;0;0;0;0;64;1;"??¹?¸÷ 4?÷"
698;0;0;0;0;0;0;64;1;"A??¿ª Æ®¸®°?1"
699;0;0;0;0;0;0;64;1;"A??¿ª Æ®¸®°?2"
700;0;0;0;0;0;0;64;1;"A??¿ª Æ®¸®°?3"
701;0;0;0;0;0;0;64;1;"A??¿ª Æ®¸®°?4"
702;0;0;0;0;0;0;64;1;"B??¿ª Æ®¸®°?1"
703;0;0;0;0;0;0;64;1;"B??¿ª Æ®¸®°?2"
704;0;0;0;0;0;0;64;1;"B??¿ª Æ®¸®°?3"
705;0;0;0;0;0;0;64;1;"B??¿ª Æ®¸®°?4"
706;0;0;0;0;0;0;64;1;"C??¿ª Æ®¸®°?1"
707;0;0;0;0;0;0;64;1;"C??¿ª Æ®¸®°?2"
708;0;0;0;0;0;0;64;1;"C??¿ª Æ®¸®°?3"
709;0;0;0;0;0;0;64;1;"C??¿ª Æ®¸®°?4"
710;0;0;0;0;0;0;63;1;"º¸¹°????"
712;0;0;0;0;0;0;64;1;"º¸¹°????"
713;0;0;0;0;0;0;65;2;"¼??? ¹× ??±¸ NPC"
718;0;0;0;0;0;0;65;1;"??¹?¸÷ 1?÷"
719;0;0;0;0;0;0;65;1;"??¹?¸÷ 2?÷"
720;0;0;0;0;0;0;65;1;"??¹?¸÷ 3?÷"
721;0;0;0;0;0;0;65;1;"??¹?¸÷ 4?÷"
723;0;0;0;0;0;0;65;1;"º¸¹°????"
724;0;0;0;0;0;0;65;1;"A??¿ª Æ®¸®°?1"
725;0;0;0;0;0;0;65;1;"A??¿ª Æ®¸®°?2"
726;0;0;0;0;0;0;65;1;"A??¿ª Æ®¸®°?3"
727;0;0;0;0;0;0;65;1;"A??¿ª Æ®¸®°?4"
728;0;0;0;0;0;0;65;1;"B??¿ª Æ®¸®°?1"
729;0;0;0;0;0;0;65;1;"B??¿ª Æ®¸®°?2"
730;0;0;0;0;0;0;65;1;"B??¿ª Æ®¸®°?3"
731;0;0;0;0;0;0;65;1;"B??¿ª Æ®¸®°?4"
732;0;0;0;0;0;0;65;1;"C??¿ª Æ®¸®°?1"
733;0;0;0;0;0;0;65;1;"C??¿ª Æ®¸®°?2"
734;0;0;0;0;0;0;65;1;"C??¿ª Æ®¸®°?3"
735;0;0;0;0;0;0;65;1;"C??¿ª Æ®¸®°?4"
736;0;0;0;0;0;0;66;2;"¼??? ¹× ??±¸ NPC"
737;0;0;0;0;0;0;66;1;"??¹?¸÷ 1?÷"
741;0;0;0;0;0;0;66;1;"??¹?¸÷ 2?÷"
742;0;0;0;0;0;0;66;1;"??¹?¸÷ 3?÷"
744;0;0;0;0;0;0;66;1;"??¹?¸÷ 4?÷"
745;0;0;0;0;0;0;66;1;"º¸¹°????"
746;0;0;0;0;0;0;66;1;"A??¿ª Æ®¸®°?1"
747;0;0;0;0;0;0;66;1;"A??¿ª Æ®¸®°?2"
748;0;0;0;0;0;0;66;1;"A??¿ª Æ®¸®°?3"
749;0;0;0;0;0;0;66;1;"A??¿ª Æ®¸®°?4"
750;0;0;0;0;0;0;66;1;"B??¿ª Æ®¸®°?1"
751;0;0;0;0;0;0;66;1;"B??¿ª Æ®¸®°?2"
752;0;0;0;0;0;0;66;1;"B??¿ª Æ®¸®°?3"
753;0;0;0;0;0;0;66;1;"B??¿ª Æ®¸®°?4"
754;0;0;0;0;0;0;66;1;"C??¿ª Æ®¸®°?1"
755;0;0;0;0;0;0;66;1;"C??¿ª Æ®¸®°?2"
756;0;0;0;0;0;0;66;1;"C??¿ª Æ®¸®°?3"
757;0;0;0;0;0;0;66;1;"C??¿ª Æ®¸®°?4"
761;0;0;0;0;0;0;69;2;"NPC"
762;0;0;0;0;0;0;69;1;"A??¿ª_??¹?¸÷"
763;0;0;0;0;0;0;69;1;"B??¿ª_??¹?¸÷"
764;0;0;0;0;0;0;69;1;"C??¿ª_??¹?¸÷"
765;0;0;0;0;0;0;69;1;"D??¿ª_??¹?¸÷"
766;0;0;0;0;0;0;69;1;"AÆ®¸®°?_1"
767;0;0;0;0;0;0;69;1;"AÆ®¸®°?_2"
768;0;0;0;0;0;0;69;1;"AÆ®¸®°?_3"
769;0;0;0;0;0;0;69;1;"AÆ®¸®°?_4"
770;0;0;0;0;0;0;69;1;"BÆ®¸®°?_1"
771;0;0;0;0;0;0;69;1;"BÆ®¸®°?_2"
772;0;0;0;0;0;0;69;1;"BÆ®¸®°?_3"
773;0;0;0;0;0;0;69;1;"BÆ®¸®°?_4"
774;0;0;0;0;0;0;69;1;"CÆ®¸®°?_1"
775;0;0;0;0;0;0;69;1;"CÆ®¸®°?_2"
776;0;0;0;0;0;0;69;1;"CÆ®¸®°?_3"
777;0;0;0;0;0;0;69;1;"CÆ®¸®°?_4"
778;0;0;0;0;0;0;69;1;"DÆ®¸®°?_1"
779;0;0;0;0;0;0;69;1;"DÆ®¸®°?_2"
780;0;0;0;0;0;0;69;1;"DÆ®¸®°?_3"
781;0;0;0;0;0;0;69;1;"DÆ®¸®°?_4"
782;0;0;0;0;0;0;70;2;"NPC"
783;0;0;0;0;0;0;70;1;"A??¿ª??¹?¸÷"
784;0;0;0;0;0;0;70;1;"B??¿ª??¹?¸÷"
785;0;0;0;0;0;0;70;1;"C??¿ª??¹?¸÷"
786;0;0;0;0;0;0;70;1;"D??¿ª??¹?¸÷"
787;0;0;0;0;0;0;70;1;"AÆ®¸®°?_1"
788;0;0;0;0;0;0;70;1;"AÆ®¸®°?_2"
789;0;0;0;0;0;0;70;1;"AÆ®¸®°?_3"
790;0;0;0;0;0;0;70;1;"AÆ®¸®°?_4"
791;0;0;0;0;0;0;70;1;"BÆ®¸®°?_1"
792;0;0;0;0;0;0;70;1;"BÆ®¸®°?_2"
793;0;0;0;0;0;0;70;1;"BÆ®¸®°?_3"
794;0;0;0;0;0;0;70;1;"BÆ®¸®°?_4"
795;0;0;0;0;0;0;70;1;"CÆ®¸®°?_1"
796;0;0;0;0;0;0;70;1;"CÆ®¸®°?_2"
797;0;0;0;0;0;0;70;1;"CÆ®¸®°?_3"
798;0;0;0;0;0;0;70;1;"CÆ®¸®°?_4"
799;0;0;0;0;0;0;70;1;"DÆ®¸®°?_1"
800;0;0;0;0;0;0;70;1;"DÆ®¸®°?_2"
801;0;0;0;0;0;0;70;1;"DÆ®¸®°?_3"
802;0;0;0;0;0;0;70;1;"DÆ®¸®°?_4"
803;0;0;0;0;0;0;77;2;"NPC"
804;0;0;0;0;0;0;77;1;"A??¿ª_??¹?¸÷"
805;0;0;0;0;0;0;77;1;"B??¿ª_??¹?¸÷"
806;0;0;0;0;0;0;77;1;"C??¿ª_??¹?¸÷"
807;0;0;0;0;0;0;77;1;"AÆ®¸®°?_1"
808;0;0;0;0;0;0;77;1;"AÆ®¸®°?_2"
809;0;0;0;0;0;0;77;1;"AÆ®¸®°?_3"
810;0;0;0;0;0;0;77;1;"AÆ®¸®°?_4"
811;0;0;0;0;0;0;77;1;"BÆ®¸®°?_1"
812;0;0;0;0;0;0;77;1;"BÆ®¸®°?_2"
813;0;0;0;0;0;0;77;1;"BÆ®¸®°?_3"
814;0;0;0;0;0;0;77;1;"BÆ®¸®°?_4"
815;0;0;0;0;0;0;77;1;"CÆ®¸®°?_1"
816;0;0;0;0;0;0;77;1;"CÆ®¸®°?_2"
817;0;0;0;0;0;0;77;1;"CÆ®¸®°?_3"
818;0;0;0;0;0;0;77;1;"CÆ®¸®°?_4"
837;0;0;0;0;0;0;67;2;"¼??? ¹× ??±¸ NPC"
838;0;0;0;0;0;0;67;1;"??¹?¸÷ 1?÷"
839;0;0;0;0;0;0;67;1;"??¹?¸÷ 2?÷"
840;0;0;0;0;0;0;67;1;"??¹?¸÷ 3?÷"
841;0;0;0;0;0;0;67;1;"??¹?¸÷ 4?÷"
842;0;0;0;0;0;0;67;1;"º¸¹°????"
843;0;0;0;0;0;0;67;1;"A??¿ª Æ®¸®°?1"
844;0;0;0;0;0;0;67;1;"A??¿ª Æ®¸®°?2"
845;0;0;0;0;0;0;67;1;"A??¿ª Æ®¸®°?3"
846;0;0;0;0;0;0;67;1;"A??¿ª Æ®¸®°?4"
847;0;0;0;0;0;0;67;1;"B??¿ª Æ®¸®°?1"
848;0;0;0;0;0;0;67;1;"B??¿ª Æ®¸®°?2"
849;0;0;0;0;0;0;67;1;"B??¿ª Æ®¸®°?3"
850;0;0;0;0;0;0;67;1;"B??¿ª Æ®¸®°?4"
851;0;0;0;0;0;0;67;1;"C??¿ª Æ®¸®°?1"
852;0;0;0;0;0;0;67;1;"C??¿ª Æ®¸®°?2"
853;0;0;0;0;0;0;67;1;"C??¿ª Æ®¸®°?3"
854;0;0;0;0;0;0;67;1;"C??¿ª Æ®¸®°?4"
880;0;0;0;0;0;0;68;2;"¼??? ¹× ??±¸ NPC"
881;0;0;0;0;0;0;68;1;"??¹?¸÷ 1?÷"
882;0;0;0;0;0;0;68;1;"??¹?¸÷ 2?÷"
883;0;0;0;0;0;0;68;1;"??¹?¸÷ 3?÷"
884;0;0;0;0;0;0;68;1;"??¹?¸÷ 4?÷"
885;0;0;0;0;0;0;68;1;"º¸¹°????"
886;0;0;0;0;0;0;68;1;"A??¿ª Æ®¸®°?1"
887;0;0;0;0;0;0;68;1;"A??¿ª Æ®¸®°?2"
888;0;0;0;0;0;0;68;1;"A??¿ª Æ®¸®°?3"
889;0;0;0;0;0;0;68;1;"A??¿ª Æ®¸®°?4"
890;0;0;0;0;0;0;68;1;"B??¿ª Æ®¸®°?1"
891;0;0;0;0;0;0;68;1;"B??¿ª Æ®¸®°?2"
892;0;0;0;0;0;0;68;1;"B??¿ª Æ®¸®°?3"
893;0;0;0;0;0;0;68;1;"B??¿ª Æ®¸®°?4"
894;0;0;0;0;0;0;68;1;"C??¿ª Æ®¸®°?1"
895;0;0;0;0;0;0;68;1;"C??¿ª Æ®¸®°?2"
896;0;0;0;0;0;0;68;1;"C??¿ª Æ®¸®°?3"
897;0;0;0;0;0;0;68;1;"C??¿ª Æ®¸®°?4"
898;0;0;0;0;0;0;79;1;"A??¿ª ??¹?¸÷"
899;0;0;0;0;0;0;79;1;"A??¿ª ¿?º?"
900;0;0;0;0;0;0;79;1;"B??¿ª ??¹?¸÷"
901;0;0;0;0;0;0;79;1;"C??¿ª ??¹?¸÷"
902;0;0;0;0;0;0;79;1;"D??¿ª ??¹?¸÷"
903;0;0;0;0;0;0;79;1;"AÆ®¸®°?_1"
904;0;0;0;0;0;0;79;1;"AÆ®¸®°?_2"
905;0;0;0;0;0;0;79;1;"AÆ®¸®°?_3"
906;0;0;0;0;0;0;79;1;"AÆ®¸®°?_4"
907;0;0;0;0;0;0;79;1;"AÆ®¸®°?_5"
908;0;0;0;0;0;0;79;1;"AÆ®¸®°?_6"
909;0;0;0;0;0;0;79;1;"AÆ®¸®°?_7"
917;0;0;0;0;0;0;79;1;"BÆ®¸®°?_1"
918;0;0;0;0;0;0;79;1;"BÆ®¸®°?_2"
919;0;0;0;0;0;0;79;1;"BÆ®¸®°?_3"
920;0;0;0;0;0;0;79;1;"BÆ®¸®°?_4"
921;0;0;0;0;0;0;79;1;"BÆ®¸®°?_5"
922;0;0;0;0;0;0;79;1;"BÆ®¸®°?_6"
923;0;0;0;0;0;0;79;1;"BÆ®¸®°?_7"
924;0;0;0;0;0;0;79;1;"º¸³?½º"
925;0;0;0;0;0;0;79;1;"º¸³?½º2"
926;0;0;0;0;0;0;79;1;"???¾º¸½º"
957;0;0;0;0;0;0;77;1;"º¸¹°????"
958;0;0;0;0;0;0;78;2;"NPC"
959;0;0;0;0;0;0;78;1;"A??¿ª_??¹?¸÷"
960;0;0;0;0;0;0;78;1;"B??¿ª_??¹?¸÷"
961;0;0;0;0;0;0;78;1;"C??¿ª_??¹?¸÷"
962;0;0;0;0;0;0;78;1;"AÆ®¸®°?_1"
963;0;0;0;0;0;0;78;1;"AÆ®¸®°?_2"
964;0;0;0;0;0;0;78;1;"AÆ®¸®°?_3"
965;0;0;0;0;0;0;78;1;"AÆ®¸®°?_4"
966;0;0;0;0;0;0;78;1;"BÆ®¸®°?_1"
967;0;0;0;0;0;0;78;1;"BÆ®¸®°?_2"
968;0;0;0;0;0;0;78;1;"BÆ®¸®°?_3"
969;0;0;0;0;0;0;78;1;"BÆ®¸®°?_4"
970;0;0;0;0;0;0;78;1;"CÆ®¸®°?_1"
971;0;0;0;0;0;0;78;1;"CÆ®¸®°?_2"
972;0;0;0;0;0;0;78;1;"CÆ®¸®°?_3"
973;0;0;0;0;0;0;78;1;"CÆ®¸®°?_4"
974;0;0;0;0;0;0;78;1;"º¸¹°????"
995;0;0;0;0;0;0;81;2;"NPC"
996;0;0;0;0;0;0;81;1;"A??¿ª_??¹?¸÷"
997;0;0;0;0;0;0;81;1;"B??¿ª_??¹?¸÷"
998;0;0;0;0;0;0;81;1;"C??¿ª_??¹?¸÷"
999;0;0;0;0;0;0;81;1;"AÆ®¸®°?_1"
1000;0;0;0;0;0;0;81;1;"AÆ®¸®°?_2"
1001;0;0;0;0;0;0;81;1;"AÆ®¸®°?_3"
1002;0;0;0;0;0;0;81;1;"AÆ®¸®°?_4"
1003;0;0;0;0;0;0;81;1;"BÆ®¸®°?_1"
1004;0;0;0;0;0;0;81;1;"BÆ®¸®°?_2"
1005;0;0;0;0;0;0;81;1;"BÆ®¸®°?_3"
1006;0;0;0;0;0;0;81;1;"BÆ®¸®°?_4"
1007;0;0;0;0;0;0;81;1;"CÆ®¸®°?_1"
1008;0;0;0;0;0;0;81;1;"CÆ®¸®°?_2"
1009;0;0;0;0;0;0;81;1;"CÆ®¸®°?_3"
1010;0;0;0;0;0;0;81;1;"CÆ®¸®°?_4"
1011;0;0;0;0;0;0;81;1;"º¸¹°????"
1012;0;0;0;0;0;0;82;2;"NPC"
1013;0;0;0;0;0;0;82;1;"A??¿ª_??¹?¸÷"
1014;0;0;0;0;0;0;82;1;"B??¿ª_??¹?¸÷"
1015;0;0;0;0;0;0;82;1;"C??¿ª_??¹?¸÷"
1016;0;0;0;0;0;0;82;1;"AÆ®¸®°?_1"
1017;0;0;0;0;0;0;82;1;"AÆ®¸®°?_2"
1018;0;0;0;0;0;0;82;1;"AÆ®¸®°?_3"
1019;0;0;0;0;0;0;82;1;"AÆ®¸®°?_4"
1029;0;0;0;0;0;0;82;1;"BÆ®¸®°?_1"
1030;0;0;0;0;0;0;82;1;"BÆ®¸®°?_2"
1031;0;0;0;0;0;0;82;1;"BÆ®¸®°?_3"
1032;0;0;0;0;0;0;82;1;"BÆ®¸®°?_4"
1037;0;0;0;0;0;0;82;1;"CÆ®¸®°?_1"
1040;0;0;0;0;0;0;82;1;"CÆ®¸®°?_2"
1041;0;0;0;0;0;0;82;1;"CÆ®¸®°?_3"
1042;0;0;0;0;0;0;82;1;"CÆ®¸®°?_4"
1043;0;0;0;0;0;0;82;1;"º¸¹°????"
1044;0;0;0;0;0;0;71;2;"NPC"
1045;0;0;0;0;0;0;71;1;"A??¿ª??¹?¸÷"
1046;0;0;0;0;0;0;71;1;"B??¿ª??¹?¸÷"
1047;0;0;0;0;0;0;71;1;"C??¿ª??¹?¸÷"
1048;0;0;0;0;0;0;71;1;"D??¿ª??¹?¸÷"
1049;0;0;0;0;0;0;71;1;"AÆ®¸®°?_1"
1050;0;0;0;0;0;0;71;1;"AÆ®¸®°?_2"
1051;0;0;0;0;0;0;71;1;"AÆ®¸®°?_3"
1052;0;0;0;0;0;0;71;1;"AÆ®¸®°?_4"
1053;0;0;0;0;0;0;71;1;"BÆ®¸®°?_1"
1054;0;0;0;0;0;0;71;1;"BÆ®¸®°?_2"
1055;0;0;0;0;0;0;71;1;"BÆ®¸®°?_3"
1056;0;0;0;0;0;0;71;1;"BÆ®¸®°?_4"
1057;0;0;0;0;0;0;71;1;"CÆ®¸®°?_1"
1058;0;0;0;0;0;0;71;1;"CÆ®¸®°?_2"
1059;0;0;0;0;0;0;71;1;"CÆ®¸®°?_3"
1060;0;0;0;0;0;0;71;1;"CÆ®¸®°?_4"
1061;0;0;0;0;0;0;71;1;"DÆ®¸®°?_1"
1062;0;0;0;0;0;0;71;1;"DÆ®¸®°?_2"
1063;0;0;0;0;0;0;71;1;"DÆ®¸®°?_3"
1064;0;0;0;0;0;0;71;1;"DÆ®¸®°?_4"
1091;0;0;0;0;0;0;72;2;"NPC"
1096;0;0;0;0;0;0;72;1;"A??¿ª??¹?¸÷"
1097;0;0;0;0;0;0;72;1;"B??¿ª??¹?¸÷"
1098;0;0;0;0;0;0;72;1;"C??¿ª??¹?¸÷"
1099;0;0;0;0;0;0;72;1;"D??¿ª??¹?¸÷"
1100;0;0;0;0;0;0;72;1;"AÆ®¸®°?_1"
1101;0;0;0;0;0;0;72;1;"AÆ®¸®°?_2"
1102;0;0;0;0;0;0;72;1;"AÆ®¸®°?_3"
1103;0;0;0;0;0;0;72;1;"AÆ®¸®°?_4"
1104;0;0;0;0;0;0;72;1;"BÆ®¸®°?_1"
1105;0;0;0;0;0;0;72;1;"BÆ®¸®°?_2"
1106;0;0;0;0;0;0;72;1;"BÆ®¸®°?_3"
1107;0;0;0;0;0;0;72;1;"BÆ®¸®°?_4"
1108;0;0;0;0;0;0;72;1;"CÆ®¸®°?_1"
1109;0;0;0;0;0;0;72;1;"CÆ®¸®°?_2"
1110;0;0;0;0;0;0;72;1;"CÆ®¸®°?_3"
1111;0;0;0;0;0;0;72;1;"CÆ®¸®°?_4"
1112;0;0;0;0;0;0;72;1;"DÆ®¸®°?_1"
1113;0;0;0;0;0;0;72;1;"DÆ®¸®°?_2"
1114;0;0;0;0;0;0;72;1;"DÆ®¸®°?_3"
1115;0;0;0;0;0;0;72;1;"DÆ®¸®°?_4"
1130;0;0;0;0;0;0;73;2;"NPC"
1131;0;0;0;0;0;0;73;1;"A??¿ª??¹?¸÷"
1132;0;0;0;0;0;0;73;1;"B??¿ª??¹?¸÷"
1133;0;0;0;0;0;0;73;1;"C??¿ª??¹?¸÷"
1134;0;0;0;0;0;0;73;1;"D??¿ª??¹?¸÷"
1137;0;0;0;0;0;0;73;1;"AÆ®¸®°?_1"
1138;0;0;0;0;0;0;73;1;"AÆ®¸®°?_2"
1139;0;0;0;0;0;0;73;1;"AÆ®¸®°?_3"
1140;0;0;0;0;0;0;73;1;"AÆ®¸®°?_4"
1141;0;0;0;0;0;0;73;1;"BÆ®¸®°?_1"
1142;0;0;0;0;0;0;73;1;"BÆ®¸®°?_2"
1143;0;0;0;0;0;0;73;1;"BÆ®¸®°?_3"
1144;0;0;0;0;0;0;73;1;"BÆ®¸®°?_4"
1145;0;0;0;0;0;0;73;1;"CÆ®¸®°?_1"
1146;0;0;0;0;0;0;73;1;"CÆ®¸®°?_2"
1147;0;0;0;0;0;0;73;1;"CÆ®¸®°?_3"
1148;0;0;0;0;0;0;73;1;"CÆ®¸®°?_4"
1149;0;0;0;0;0;0;73;1;"DÆ®¸®°?_1"
1150;0;0;0;0;0;0;73;1;"DÆ®¸®°?_2"
1151;0;0;0;0;0;0;73;1;"DÆ®¸®°?_3"
1152;0;0;0;0;0;0;73;1;"DÆ®¸®°?_4"
1167;0;0;0;0;0;0;74;2;"NPC"
1168;0;0;0;0;0;0;74;1;"A??¿ª??¹?¸÷"
1169;0;0;0;0;0;0;74;1;"B??¿ª??¹?¸÷"
1170;0;0;0;0;0;0;74;1;"C??¿ª??¹?¸÷"
1171;0;0;0;0;0;0;74;1;"D??¿ª??¹?¸÷"
1172;0;0;0;0;0;0;74;1;"AÆ®¸®°?_1"
1173;0;0;0;0;0;0;74;1;"AÆ®¸®°?_2"
1174;0;0;0;0;0;0;74;1;"AÆ®¸®°?_3"
1175;0;0;0;0;0;0;74;1;"AÆ®¸®°?_4"
1176;0;0;0;0;0;0;74;1;"BÆ®¸®°?_1"
1177;0;0;0;0;0;0;74;1;"BÆ®¸®°?_2"
1178;0;0;0;0;0;0;74;1;"BÆ®¸®°?_3"
1179;0;0;0;0;0;0;74;1;"BÆ®¸®°?_4"
1180;0;0;0;0;0;0;74;1;"CÆ®¸®°?_1"
1181;0;0;0;0;0;0;74;1;"CÆ®¸®°?_2"
1182;0;0;0;0;0;0;74;1;"CÆ®¸®°?_3"
1183;0;0;0;0;0;0;74;1;"CÆ®¸®°?_4"
1184;0;0;0;0;0;0;74;1;"DÆ®¸®°?_1"
1185;0;0;0;0;0;0;74;1;"DÆ®¸®°?_2"
1186;0;0;0;0;0;0;74;1;"DÆ®¸®°?_3"
1187;0;0;0;0;0;0;74;1;"DÆ®¸®°?_4"
1202;0;0;0;0;0;0;75;2;"NPC"
1203;0;0;0;0;0;0;75;1;"A??¿ª??¹?¸÷"
1204;0;0;0;0;0;0;75;1;"B??¿ª??¹?¸÷"
1205;0;0;0;0;0;0;75;1;"C??¿ª??¹?¸÷"
1206;0;0;0;0;0;0;75;1;"D??¿ª??¹?¸÷"
1207;0;0;0;0;0;0;75;1;"AÆ®¸®°?_1"
1208;0;0;0;0;0;0;75;1;"AÆ®¸®°?_2"
1209;0;0;0;0;0;0;75;1;"AÆ®¸®°?_3"
1210;0;0;0;0;0;0;75;1;"AÆ®¸®°?_4"
1211;0;0;0;0;0;0;75;1;"BÆ®¸®°?_1"
1212;0;0;0;0;0;0;75;1;"BÆ®¸®°?_2"
1213;0;0;0;0;0;0;75;1;"BÆ®¸®°?_3"
1214;0;0;0;0;0;0;75;1;"BÆ®¸®°?_4"
1215;0;0;0;0;0;0;75;1;"CÆ®¸®°?_1"
1216;0;0;0;0;0;0;75;1;"CÆ®¸®°?_2"
1217;0;0;0;0;0;0;75;1;"CÆ®¸®°?_3"
1218;0;0;0;0;0;0;75;1;"CÆ®¸®°?_4"
1219;0;0;0;0;0;0;75;1;"DÆ®¸®°?_1"
1220;0;0;0;0;0;0;75;1;"DÆ®¸®°?_2"
1221;0;0;0;0;0;0;75;1;"DÆ®¸®°?_3"
1222;0;0;0;0;0;0;75;1;"DÆ®¸®°?_4"
1237;0;0;0;0;0;0;76;2;"NPC"
1238;0;0;0;0;0;0;76;1;"A??¿ª??¹?¸÷"
1239;0;0;0;0;0;0;76;1;"B??¿ª??¹?¸÷"
1240;0;0;0;0;0;0;76;1;"C??¿ª??¹?¸÷"
1241;0;0;0;0;0;0;76;1;"D??¿ª??¹?¸÷"
1242;0;0;0;0;0;0;76;1;"AÆ®¸®°?_1"
1243;0;0;0;0;0;0;76;1;"AÆ®¸®°?_2"
1244;0;0;0;0;0;0;76;1;"AÆ®¸®°?_3"
1245;0;0;0;0;0;0;76;1;"AÆ®¸®°?_4"
1246;0;0;0;0;0;0;76;1;"BÆ®¸®°?_1"
1247;0;0;0;0;0;0;76;1;"BÆ®¸®°?_2"
1248;0;0;0;0;0;0;76;1;"BÆ®¸®°?_3"
1249;0;0;0;0;0;0;76;1;"BÆ®¸®°?_4"
1250;0;0;0;0;0;0;76;1;"CÆ®¸®°?_1"
1251;0;0;0;0;0;0;76;1;"CÆ®¸®°?_2"
1252;0;0;0;0;0;0;76;1;"CÆ®¸®°?_3"
1253;0;0;0;0;0;0;76;1;"CÆ®¸®°?_4"
1254;0;0;0;0;0;0;76;1;"DÆ®¸®°?_1"
1255;0;0;0;0;0;0;76;1;"DÆ®¸®°?_2"
1256;0;0;0;0;0;0;76;1;"DÆ®¸®°?_3"
1257;0;0;0;0;0;0;76;1;"DÆ®¸®°?_4"
1258;0;0;0;0;0;0;69;1;"º¸¹°????"
1259;0;0;0;0;0;0;70;1;"º¸¹°????"
1260;0;0;0;0;0;0;71;1;"º¸¹°????"
1261;0;0;0;0;0;0;72;1;"º¸¹°????"
1262;0;0;0;0;0;0;73;1;"º¸¹°????"
1263;0;0;0;0;0;0;74;1;"º¸¹°????"
1264;0;0;0;0;0;0;75;1;"º¸¹°????"
1265;0;0;0;0;0;0;76;1;"º¸¹°????"
1266;0;0;0;0;0;0;80;2;"NPC"
1267;0;0;0;0;0;0;80;1;"A??¿ª ??¹?¸÷"
1268;0;0;0;0;0;0;80;1;"A??¿ª ¿?º?"
1269;0;0;0;0;0;0;80;1;"B??¿ª ??¹?¸÷"
1270;0;0;0;0;0;0;80;1;"C??¿ª ??¹?¸÷"
1271;0;0;0;0;0;0;80;1;"D??¿ª ??¹?¸÷"
1272;0;0;0;0;0;0;80;1;"AÆ®¸®°?_1"
1273;0;0;0;0;0;0;80;1;"AÆ®¸®°?_2"
1274;0;0;0;0;0;0;80;1;"AÆ®¸®°?_3"
1275;0;0;0;0;0;0;80;1;"AÆ®¸®°?_4"
1276;0;0;0;0;0;0;80;1;"AÆ®¸®°?_5"
1277;0;0;0;0;0;0;80;1;"AÆ®¸®°?_6"
1278;0;0;0;0;0;0;80;1;"AÆ®¸®°?_7"
1279;0;0;0;0;0;0;80;1;"BÆ®¸®°?_1"
1280;0;0;0;0;0;0;80;1;"BÆ®¸®°?_2"
1281;0;0;0;0;0;0;80;1;"BÆ®¸®°?_3"
1282;0;0;0;0;0;0;80;1;"BÆ®¸®°?_4"
1283;0;0;0;0;0;0;80;1;"BÆ®¸®°?_5"
1284;0;0;0;0;0;0;80;1;"BÆ®¸®°?_6"
1285;0;0;0;0;0;0;80;1;"BÆ®¸®°?_7"
1286;0;0;0;0;0;0;80;1;"º¸³?½º"
1287;0;0;0;0;0;0;80;1;"º¸³?½º2"
1288;0;0;0;0;0;0;80;1;"???¾º¸½º"
1289;0;0;0;0;0;0;83;2;"NPC"
1290;0;0;0;0;0;0;83;1;"A??¿ª ??¹?¸÷"
1291;0;0;0;0;0;0;83;1;"A??¿ª ¿?º?"
1292;0;0;0;0;0;0;83;1;"B??¿ª ??¹?¸÷"
1293;0;0;0;0;0;0;83;1;"C??¿ª ??¹?¸÷"
1294;0;0;0;0;0;0;83;1;"D??¿ª ??¹?¸÷"
1295;0;0;0;0;0;0;83;1;"AÆ®¸®°?_1"
1296;0;0;0;0;0;0;83;1;"AÆ®¸®°?_2"
1297;0;0;0;0;0;0;83;1;"AÆ®¸®°?_3"
1298;0;0;0;0;0;0;83;1;"AÆ®¸®°?_4"
1299;0;0;0;0;0;0;83;1;"AÆ®¸®°?_5"
1300;0;0;0;0;0;0;83;1;"AÆ®¸®°?_6"
1301;0;0;0;0;0;0;83;1;"AÆ®¸®°?_7"
1302;0;0;0;0;0;0;83;1;"BÆ®¸®°?_1"
1303;0;0;0;0;0;0;83;1;"BÆ®¸®°?_2"
1304;0;0;0;0;0;0;83;1;"BÆ®¸®°?_3"
1305;0;0;0;0;0;0;83;1;"BÆ®¸®°?_4"
1306;0;0;0;0;0;0;83;1;"BÆ®¸®°?_5"
1307;0;0;0;0;0;0;83;1;"BÆ®¸®°?_6"
1308;0;0;0;0;0;0;83;1;"BÆ®¸®°?_7"
1309;0;0;0;0;0;0;83;1;"º¸³?½º"
1310;0;0;0;0;0;0;83;1;"º¸³?½º2"
1311;0;0;0;0;0;0;83;1;"???¾º¸½º"
1312;0;0;0;0;0;0;84;2;"NPC"
1313;0;0;0;0;0;0;84;1;"A??¿ª ??¹?¸÷"
1314;0;0;0;0;0;0;84;1;"A??¿ª ¿?º?"
1355;0;0;0;0;0;0;84;1;"B??¿ª ??¹?¸÷"
1356;0;0;0;0;0;0;84;1;"C??¿ª ??¹?¸÷"
1357;0;0;0;0;0;0;84;1;"D??¿ª ??¹?¸÷"
1358;0;0;0;0;0;0;84;1;"AÆ®¸®°?_1"
1359;0;0;0;0;0;0;84;1;"AÆ®¸®°?_2"
1360;0;0;0;0;0;0;84;1;"AÆ®¸®°?_3"
1361;0;0;0;0;0;0;84;1;"AÆ®¸®°?_4"
1362;0;0;0;0;0;0;84;1;"AÆ®¸®°?_5"
1363;0;0;0;0;0;0;84;1;"AÆ®¸®°?_6"
1364;0;0;0;0;0;0;84;1;"AÆ®¸®°?_7"
1365;0;0;0;0;0;0;84;1;"BÆ®¸®°?_1"
1366;0;0;0;0;0;0;84;1;"BÆ®¸®°?_2"
1367;0;0;0;0;0;0;84;1;"BÆ®¸®°?_3"
1368;0;0;0;0;0;0;84;1;"BÆ®¸®°?_4"
1369;0;0;0;0;0;0;84;1;"BÆ®¸®°?_5"
1370;0;0;0;0;0;0;84;1;"BÆ®¸®°?_6"
1371;0;0;0;0;0;0;84;1;"BÆ®¸®°?_7"
1372;0;0;0;0;0;0;84;1;"º¸³?½º"
1373;0;0;0;0;0;0;84;1;"º¸³?½º2"
1374;0;0;0;0;0;0;84;1;"???¾º¸½º"
1378;0;0;0;0;0;0;2;1;"??¸? ¾ø?½"
1430;0;0;0;0;0;0;90;1;"½??? ¼???º´"
1431;0;0;0;0;0;0;86;1;"10_E01_MONSTER"
1432;0;0;0;0;0;0;86;1;"10_E02_MONSTER"
1433;0;0;0;0;0;0;86;1;"10_E03_MONSTER"
1434;0;0;0;0;0;0;86;1;"10_E05_MONSTER"
1435;0;0;0;0;0;0;86;1;"10_E06_MONSTER"
1436;0;0;0;0;0;0;86;1;"10_E07_MONSTER"
1437;0;0;0;0;0;0;86;1;"10_E09_MONSTER"
1438;0;0;0;0;0;0;86;1;"10_E12_MONSTER"
1443;0;0;0;0;0;0;88;1;"11_E13_MONSTER"
1445;0;0;0;0;0;0;88;1;"11_E11_MONSTER"
1446;0;0;0;0;0;0;88;1;"11_E06_MONSTER"
1447;0;0;0;0;0;0;88;1;"11_E07_MONSTER"
1448;0;0;0;0;0;0;88;1;"11_E09_MONSTER"
1449;0;0;0;0;0;0;88;1;"11_E02_MONSTER"
1450;0;0;0;0;0;0;88;1;"11_E03_MONSTER"
1451;0;0;0;0;0;0;90;1;"½??? ¹®??±?"
1452;0;0;0;0;0;0;90;1;"½??? ????"
1454;0;0;0;0;0;0;90;1;"½??? °¨½???"
1455;0;0;0;0;0;0;90;1;"±¤Æ÷?? ½??? ????"
1456;0;0;0;0;0;0;90;1;"¹°?? ¼?????"
1457;0;0;0;0;0;0;90;1;"¿????? ¼?????"
1458;0;0;0;0;0;0;90;1;"º??? ¼?????"
1459;0;0;0;0;0;0;90;1;"º?¸??? ???· º?¸®"
1460;0;0;0;0;0;0;90;1;"¸?°??? ¼­Æ?Æ®"
1461;0;0;0;0;0;0;90;1;"????¹Þ?º ¹?¾? ±¤½???"
1462;0;0;0;0;0;0;90;1;"??¿? Æ?¼?°ß"
1463;0;0;0;0;0;0;90;1;"??¿? ¼???°ß"
1464;0;0;0;0;0;0;90;1;"????¹Þ?º ¹?¾? °¨½???"
1465;0;0;0;0;0;0;90;1;"¹?¾? ±¤½???"
1466;0;0;0;0;0;0;90;1;"???¤?? ±¤½???"
1467;0;0;0;0;0;0;90;1;"±¤Æø?? ±¤½???"
1468;0;0;0;0;0;0;90;1;"Æ?¸??? °¨½???"
1469;0;0;0;0;0;0;90;1;"Æ?¸??? ??´???"
1470;0;0;0;0;0;0;90;1;"º????? ¹?¾? ±¤½???"
1471;0;0;0;0;0;0;90;1;"º????? ¹?¾? °¨½???"
1472;0;0;0;0;0;0;90;1;"¸?°??? ¿?³?"
1473;0;0;0;0;0;0;90;1;"???? ??¿?°ß"
1474;0;0;0;0;0;0;90;1;"???? °¨½?°ß"
1475;0;0;0;0;0;0;90;1;"¾?¸° ½??? ????"
1478;0;0;0;0;0;0;87;1;"1_B_E1_JUPITER_MONSTER"
1479;0;0;0;0;0;0;87;1;"1_B_E2_JUPITER_MONSTER"
1480;0;0;0;0;0;0;87;1;"1_B_E3_JUPITER_MONSTER"
1481;0;0;0;0;0;0;87;1;"1_B_E4_JUPITER_MONSTER"
1482;0;0;0;0;0;0;87;1;"1_B_E5_JUPITER_MONSTER"
1483;0;0;0;0;0;0;87;1;"1_B_E6_JUPITER_MONSTER"
1484;0;0;0;0;0;0;87;1;"1_B_E16_JUPITER_MONSTER"
1485;0;0;0;0;0;0;87;1;"1_B_E9_JUPITER_MONSTER"
1486;0;0;0;0;0;0;87;1;"1_B_E10_JUPITER_MONSTER"
1487;0;0;0;0;0;0;86;1;"10_Di_01"
1490;0;0;0;0;0;0;88;1;"11_Di_01"
1492;0;0;0;0;0;0;88;1;"11_UNO_01"
1493;0;0;0;0;0;0;88;1;"11_Upi_01"
1494;0;0;0;0;0;0;87;1;"1_B_E11_JUPITER_MONSTER"
1495;0;0;0;0;0;0;87;1;"1_B_E12_JUPITER_MONSTER"
1496;0;0;0;0;0;0;87;1;"1_B_E13_JUPITER_MONSTER"
1497;0;0;0;0;0;0;87;1;"1_B_E15_JUPITER_MONSTER"
1498;0;0;0;0;0;0;87;1;"1_B_E25_JUPITER_MONSTER"
1499;0;0;0;0;0;0;87;1;"1_B_E17_JUPITER_MONSTER"
1500;0;0;0;0;0;0;87;1;"1_B_E18_JUPITER_MONSTER"
1501;0;0;0;0;0;0;87;1;"1_B_E19_JUPITER_MONSTER"
1502;0;0;0;0;0;0;87;1;"1_B_E20_JUPITER_MONSTER"
1503;0;0;0;0;0;0;87;1;"1_B_E21_JUPITER_MONSTER"
1504;0;0;0;0;0;0;87;1;"1_B_E23_JUPITER_MONSTER"
1528;0;0;0;0;0;0;89;1;"B2_START_MONSTER"
1529;0;0;0;0;0;0;89;1;"B2_E23"
1530;0;0;0;0;0;0;89;1;"B2_E22"
1531;0;0;0;0;0;0;89;1;"B2_E21"
1532;0;0;0;0;0;0;89;1;"B2_E20"
1533;0;0;0;0;0;0;89;1;"B2_E19"
1534;0;0;0;0;0;0;89;1;"B2_E18"
1535;0;0;0;0;0;0;89;1;"B2_E16"
1536;0;0;0;0;0;0;89;1;"B2_E14"
1537;0;0;0;0;0;0;89;1;"B2_E13"
1538;0;0;0;0;0;0;89;1;"B2_E12"
1539;0;0;0;0;0;0;89;1;"B2_E11"
1540;0;0;0;0;0;0;89;1;"B2_E10"
1541;0;0;0;0;0;0;89;1;"B2_E15"
1542;0;0;0;0;0;0;89;1;"B2_E8"
1543;0;0;0;0;0;0;89;1;"B2_E6"
1544;0;0;0;0;0;0;89;1;"B2_E5"
1545;0;0;0;0;0;0;89;1;"B2_E4"
1546;0;0;0;0;0;0;89;1;"B2_E3"
1547;0;0;0;0;0;0;89;1;"B2_E2"
1549;0;0;0;0;0;0;89;1;"B2_E7"
1550;0;0;0;0;0;0;90;2;"NPC"
1552;0;0;0;0;0;0;87;2;"NPC_BOLT"
1553;0;0;0;0;0;0;89;2;"B2_NPC"
1554;0;0;0;0;0;0;86;2;"JUPITER_A_NPC"
1555;0;0;0;0;0;0;88;2;"JUPITER_A2_NPC"
1558;0;0;0;0;0;0;89;1;"B2_BAAL"
1559;0;0;0;0;0;0;93;1;"A3_E1"
1560;0;0;0;0;0;0;93;2;"A3_NPC"
1561;0;0;0;0;0;0;94;1;"B3_E1"
1562;0;0;0;0;0;0;93;1;"A3_E2"
1564;0;0;0;0;0;0;93;1;"A3_E3"
1565;0;0;0;0;0;0;93;1;"A3_E4"
1566;0;0;0;0;0;0;93;1;"A3_E5"
1567;0;0;0;0;0;0;93;1;"A3_E6"
1568;0;0;0;0;0;0;94;1;"B3_E2"
1569;0;0;0;0;0;0;94;1;"B3_E3"
1570;0;0;0;0;0;0;94;1;"B3_E4"
1571;0;0;0;0;0;0;94;1;"B3_E5"
1572;0;0;0;0;0;0;94;1;"B3_E6"
1573;0;0;0;0;0;0;94;2;"B3_NPC"
